city,station,days_listed,days_present,years,listed,absent,sampled,sampled_valid,est_loss
oaq_AM_14,,,,2025-2026,7563.0,0.0,0.0,0.0,0.0
oaq_AT_17,,,,2025-2026,6698.0,474.0,40.0,0.0,0.0
oaq_AT_60,,,,2025-2026,7322.0,482.0,40.0,0.0,0.0
oaq_AT_95,,,,2025-2026,6062.0,1600.0,40.0,0.0,0.0
oaq_AU_100,,,,2025-2026,3890.0,3.0,3.0,0.0,0.0
oaq_AU_45,,,,2025-2026,3290.0,8.0,8.0,0.0,0.0
oaq_AU_99,,,,2025-2026,3952.0,8.0,8.0,0.0,0.0
oaq_BE_6,,,,2025-2026,6238.0,3.0,3.0,0.0,0.0
oaq_BG_43,,,,2025-2026,7183.0,1211.0,40.0,0.0,0.0
oaq_BG_97,,,,2025-2026,4253.0,598.0,40.0,0.0,0.0
oaq_CA_103,,,,2025-2026,5638.0,44.0,40.0,0.0,0.0
oaq_CA_39,,,,2025-2026,6938.0,601.0,40.0,0.0,0.0
oaq_CA_41,,,,2025-2026,7000.0,3.0,3.0,0.0,0.0
oaq_CA_57,,,,2025-2026,7060.0,12.0,12.0,0.0,0.0
oaq_CH_73,,,,2025-2026,6981.0,46.0,40.0,0.0,0.0
oaq_CZ_109,,,,2025-2026,5813.0,30.0,30.0,0.0,0.0
oaq_CZ_113,,,,2025-2026,5751.0,0.0,0.0,0.0,0.0
oaq_CZ_75,,,,2025-2026,7247.0,103.0,40.0,0.0,0.0
oaq_DE_108,,,,2025-2026,6221.0,575.0,40.0,0.0,0.0
oaq_DE_35,,,,2025-2026,7463.0,0.0,0.0,0.0,0.0
oaq_DE_48,,,,2025-2026,7506.0,688.0,40.0,0.0,0.0
oaq_DE_56,,,,2025-2026,7380.0,7.0,7.0,0.0,0.0
oaq_ES_40,,,,2025-2026,6484.0,7.0,7.0,0.0,0.0
oaq_ES_42,,,,2025-2026,7382.0,2939.0,40.0,0.0,0.0
oaq_ES_52,,,,2025-2026,5957.0,1809.0,40.0,0.0,0.0
oaq_ES_78,,,,2025-2026,6331.0,207.0,40.0,0.0,0.0
oaq_FR_64,,,,2025-2026,7458.0,113.0,40.0,0.0,0.0
oaq_FR_77,,,,2025-2026,7342.0,133.0,40.0,0.0,0.0
oaq_GB_102,,,,2025-2026,5597.0,889.0,40.0,0.0,0.0
oaq_GB_34,,,,2025-2026,6025.0,1904.0,40.0,0.0,0.0
oaq_GB_4,,,,2025-2026,6521.0,1896.0,40.0,0.0,0.0
oaq_HU_87,,,,2025-2026,6806.0,173.0,40.0,0.0,0.0
oaq_IE_31,,,,2025-2026,5294.0,707.0,40.0,0.0,0.0
oaq_IN_104,,,,2025-2026,5289.0,39.0,39.0,0.0,0.0
oaq_IN_84,,,,2025-2026,6173.0,57.0,40.0,0.0,0.0
oaq_IN_89,,,,2025-2026,6660.0,51.0,40.0,0.0,0.0
oaq_IT_114,,,,2025-2026,4918.0,3645.0,40.0,0.0,0.0
oaq_IT_115,,,,2025-2026,5955.0,2396.0,40.0,0.0,0.0
oaq_IT_27,,,,2025-2026,7222.0,392.0,40.0,0.0,0.0
oaq_IT_44,,,,2025-2026,7019.0,2013.0,40.0,0.0,0.0
oaq_JE_23,,,,2025-2026,7493.0,0.0,0.0,0.0,0.0
oaq_JP_0,,,,2025-2026,7438.0,29.0,29.0,0.0,0.0
oaq_JP_3,,,,2025-2026,7318.0,279.0,40.0,0.0,0.0
oaq_JP_70,,,,2025-2026,7022.0,529.0,40.0,0.0,0.0
oaq_JP_96,,,,2025-2026,6955.0,548.0,40.0,0.0,0.0
oaq_KR_1,,,,2025-2026,7116.0,157.0,40.0,0.0,0.0
oaq_KR_86,,,,2025-2026,6948.0,198.0,40.0,0.0,0.0
oaq_NL_10,,,,2025-2026,7421.0,9.0,9.0,0.0,0.0
oaq_NO_50,,,,2025-2026,6153.0,955.0,40.0,0.0,0.0
oaq_PK_101,,,,2025-2026,3416.0,66.0,40.0,0.0,0.0
oaq_PK_37,,,,2025-2026,4605.0,133.0,40.0,0.0,0.0
oaq_PK_47,,,,2025-2026,5164.0,3.0,3.0,0.0,0.0
oaq_PK_53,,,,2025-2026,4780.0,0.0,0.0,0.0,0.0
oaq_RO_24,,,,2025-2026,7502.0,1363.0,40.0,0.0,0.0
oaq_RS_15,,,,2025-2026,4403.0,675.0,40.0,0.0,0.0
oaq_PL_69,,,,2025-2026,7392.0,126.0,40.0,0.0,0.0
oaq_TH_98,,,,2025-2026,4991.0,2.0,2.0,0.0,0.0
oaq_TW_8,,,,2025-2026,6300.0,6.0,6.0,0.0,0.0
oaq_US_111,,,,2025-2026,5863.0,7.0,7.0,0.0,0.0
oaq_US_36,,,,2025-2026,7514.0,244.0,40.0,0.0,0.0
oaq_US_66,,,,2025-2026,6455.0,0.0,0.0,0.0,0.0
oaq_US_7,,,,2025-2026,7504.0,224.0,40.0,0.0,0.0
oaq_ZA_105,,,,2025-2026,1802.0,35.0,35.0,0.0,0.0
oaq_ZA_106,,,,2025-2026,903.0,16.0,16.0,0.0,0.0
