cluster,status,stations,rows,locs_available,locs_used,years,t_start,t_end,frac_reference,note
oaq_AT_95,OK,10,94130,12.0,12.0,2025-2026,2025-01-01,2026-09-24,0.8,
oaq_AU_99,OK,11,77329,11.0,11.0,2025-2026,2024-12-31,2026-09-24,0.8181818181818182,
oaq_BG_97,OK,7,84301,12.0,12.0,2025-2026,2024-12-31,2026-09-24,0.0,
oaq_CA_41,OK,12,163602,22.0,12.0,2025-2026,2025-01-01,2026-09-24,0.9166666666666666,
oaq_CZ_109,OK,10,77198,10.0,10.0,2025-2026,2025-01-01,2026-09-24,1.0,
oaq_DE_108,OK,10,116386,10.0,10.0,2025-2026,2025-01-01,2026-09-24,1.0,
oaq_DE_56,OK,12,162465,17.0,12.0,2025-2026,2025-01-01,2026-09-24,0.5833333333333334,
oaq_ES_52,OK,11,78198,18.0,12.0,2025-2026,2025-01-01,2026-09-24,1.0,
oaq_FR_77,OK,12,116699,14.0,12.0,2025-2026,2024-12-31,2026-09-24,0.8333333333333334,
oaq_GB_4,OK,11,101597,144.0,12.0,2025-2026,2025-01-01,2026-09-24,1.0,
oaq_IN_104,OK,11,108242,11.0,11.0,2025-2026,2025-02-18,2026-09-24,1.0,
oaq_IT_114,OK,10,13470,10.0,10.0,2025-2026,2025-01-01,2026-06-04,1.0,
oaq_IT_44,OK,12,60106,21.0,12.0,2025-2026,2025-01-01,2026-09-24,1.0,
oaq_JP_3,OK,12,152616,182.0,12.0,2025-2026,2024-12-31,2026-09-24,1.0,
oaq_KR_1,OK,12,159484,607.0,12.0,2025-2026,2024-12-31,2026-09-24,1.0,
oaq_NO_50,OK,12,107600,19.0,12.0,2025-2026,2025-01-01,2026-09-24,1.0,
oaq_PK_47,OK,12,110193,20.0,12.0,2025-2026,2024-12-31,2026-09-24,0.0,
oaq_RO_24,OK,12,121588,33.0,12.0,2025-2026,2024-12-31,2026-09-24,1.0,
oaq_TW_8,OK,12,145228,73.0,12.0,2025-2026,2024-12-31,2026-09-24,1.0,
oaq_US_66,OK,12,141939,15.0,12.0,2025-2026,2025-01-01,2026-09-25,0.6666666666666666,
oaq_ZA_106,OK,10,20389,11.0,11.0,2025-2026,2024-12-31,2026-09-24,0.9,
oaq_AT_17,OK,11,119158,42.0,12.0,2025-2026,2025-01-01,2026-09-21,1.0,
oaq_AU_100,OK,11,87495,11.0,11.0,2025-2026,2024-12-31,2026-09-24,0.9090909090909092,
oaq_BE_6,OK,10,129338,81.0,12.0,2025-2026,2025-01-01,2026-09-24,1.0,
oaq_CA_103,OK,11,121538,11.0,11.0,2025-2026,2025-01-01,2026-09-25,0.2727272727272727,
oaq_CA_57,OK,12,166444,17.0,12.0,2025-2026,2025-01-01,2026-09-25,0.9166666666666666,
oaq_CZ_113,OK,10,84262,10.0,10.0,2025-2026,2025-01-01,2026-09-24,0.7,
oaq_DE_35,OK,12,161477,26.0,12.0,2025-2026,2025-01-01,2026-09-24,1.0,
oaq_ES_40,OK,12,106703,24.0,12.0,2025-2026,2025-01-01,2026-09-24,1.0,
oaq_ES_78,OK,12,102743,14.0,12.0,2025-2026,2025-01-01,2026-09-24,1.0,
oaq_GB_102,OK,11,106517,11.0,11.0,2025-2026,2025-01-01,2026-09-24,0.5454545454545454,
oaq_HU_87,OK,12,148951,13.0,12.0,2025-2026,2025-01-01,2026-09-24,0.75,
oaq_IN_84,OK,12,126017,14.0,12.0,2025-2026,2025-02-18,2026-09-24,1.0,
oaq_IT_115,OK,10,18344,10.0,10.0,2025-2026,2025-01-01,2026-09-24,1.0,
oaq_JE_23,OK,12,123086,33.0,12.0,2025-2026,2025-01-01,2026-09-24,0.0,
oaq_JP_70,OK,12,132161,15.0,12.0,2025-2026,2024-12-31,2026-09-24,1.0,
oaq_KR_86,OK,12,155701,13.0,12.0,2025-2026,2024-12-31,2026-09-24,1.0,
oaq_PK_101,OK,11,66626,11.0,11.0,2025-2026,2025-06-16,2026-09-24,0.0,
oaq_PK_53,OK,12,105809,17.0,12.0,2025-2026,2024-12-31,2026-09-24,0.0833333333333333,
oaq_RS_15,OK,12,80307,47.0,12.0,2025-2026,2025-01-01,2026-09-24,1.0,
oaq_US_111,OK,10,134125,10.0,10.0,2025-2026,2025-01-01,2026-09-25,0.7,
oaq_US_7,OK,12,169164,79.0,12.0,2025-2026,2025-01-01,2026-09-25,1.0,
oaq_AT_60,OK,12,140207,16.0,12.0,2025-2026,2025-01-01,2026-09-21,1.0,
oaq_AU_45,OK,12,72391,21.0,12.0,2025-2026,2024-12-31,2026-09-24,0.9166666666666666,
oaq_BG_43,OK,12,137498,21.0,12.0,2025-2026,2024-12-31,2026-09-24,0.0,
oaq_CA_39,OK,11,148936,24.0,12.0,2025-2026,2025-01-01,2026-09-25,1.0,
oaq_CH_73,OK,12,153016,14.0,12.0,2025-2026,2025-01-01,2026-09-24,0.3333333333333333,
oaq_CZ_75,OK,12,134283,14.0,12.0,2025-2026,2025-01-01,2026-09-24,0.5,
oaq_DE_48,OK,12,145113,19.0,12.0,2025-2026,2024-12-31,2026-09-24,0.9166666666666666,
oaq_ES_42,OK,12,18595,22.0,12.0,2025-2026,2025-01-01,2026-09-23,1.0,
oaq_FR_64,OK,12,99675,16.0,12.0,2025-2026,2025-01-01,2026-09-24,1.0,
oaq_GB_34,OK,12,91319,27.0,12.0,2025-2026,2025-03-30,2026-03-29,1.0,
oaq_IE_31,OK,12,76082,28.0,12.0,2025-2026,2025-01-01,2026-09-24,0.8333333333333334,
oaq_IN_89,OK,12,144092,13.0,12.0,2025-2026,2025-02-18,2026-09-24,1.0,
oaq_IT_27,OK,12,59304,30.0,12.0,2025-2026,2025-01-01,2026-09-24,1.0,
oaq_JP_0,OK,12,157076,655.0,12.0,2025-2026,2024-12-31,2026-09-24,1.0,
oaq_JP_96,OK,12,130200,12.0,12.0,2025-2026,2024-12-31,2026-09-24,1.0,
oaq_NL_10,OK,12,154489,60.0,12.0,2025-2026,2025-01-01,2026-09-24,1.0,
oaq_PK_37,OK,12,94162,25.0,12.0,2025-2026,2024-12-31,2026-09-24,0.0,
oaq_PL_69,OK,12,150564,15.0,12.0,2025-2026,2025-01-01,2026-09-24,0.8333333333333334,
oaq_TH_98,OK,11,109155,11.0,11.0,2025-2026,2024-12-31,2026-09-24,0.8181818181818182,
oaq_US_36,OK,12,160879,26.0,12.0,2025-2026,2025-01-01,2026-09-25,1.0,
oaq_ZA_105,OK,10,40233,11.0,11.0,2025-2026,2025-02-11,2026-09-24,0.7,
oaq_AM_14,OK,12,122843,,,,2024-12-31,2026-09-24,0.0,row re-derived from parquet (E-1)
