key,also_keys,year,authors,title,venue,doi,cited_by,pdf,status
Abeyratne2006,,2006,"Abeyratne, Vilani D. K. and Ileperuma, Oliver A.",Air pollution monitoring in the city of Kandy: possible transboundary effects,Journal of the National Science Foundation of Sri Lanka,10.4038/jnsfsr.v34i3.3644,paper1;thesis,Abeyratne2006.pdf,downloaded (open access: https://jnsfsl.sljol.info/articles/3644/files/submission/proof/3644-1-12881-1-10-20111003.pdf)
Andersson2023,,2023,"Andersson, Tom R. and Bruinsma, Wessel P. and Markou, Stratis and Requeima, James and others",Environmental sensor placement with convolutional Gaussian neural processes,Environmental Data Science,10.1017/eds.2023.22,paper1;thesis,Andersson2023.pdf,held
Angelopoulos2023,,2023,"Angelopoulos, Anastasios N. and Bates, Stephen",Conformal Prediction: A Gentle Introduction,Foundations and Trends in Machine Learning,,paper1;thesis,,"no DOI (book, report, dataset or web page)"
Attanayake2025,,2025,"Attanayake, Gimhan and Senarathna, Mahesh and Bergin, Mike and Carlson, David and Bhave, Prakash V. and Bowatte, Gayan a",An RF-CNN pipeline for predicting PM2.5 concentration in Sri Lanka,Journal of Hazardous Materials Advances,10.1016/j.hazadv.2025.100782,paper1;thesis,Attanayake2025.pdf,held (from references/papers/1-s2.0-S2772416625001937-main.pdf)
Bantilan2020,,2020,"Bantilan, Niels",pandera: Statistical Data Validation of Pandas Dataframes,Proceedings of the 19th Python in Science Conference ({SciPy} 2020),10.25080/majora-342d178e-010,paper1,Bantilan2020.pdf,downloaded (open access: https://proceedings.scipy.org/articles/Majora-342d178e-010.pdf)
Barkjohn2021,,2021,"Barkjohn, Karoline K. and Gantt, Brett and Clements, Andrea L.",Development and application of a United States-wide correction for PM2.5 data collected with the PurpleAir sensor,Atmospheric Measurement Techniques,10.5194/amt-14-4617-2021,paper1;thesis,Barkjohn2021.pdf,held
Basagana2012,,2012,"Basaga{\~n}a, Xavier and Rivera, Marcela and Aguilera, Inmaculada and Agis, David and Bouso, Laura and Elosua, Roberto a",Effect of the number of measurement sites on land use regression models in estimating local air pollution,Atmospheric Environment,10.1016/j.atmosenv.2012.01.064,paper1;thesis,,closed access
Bauer2015,,2015,"Bauer, Peter and Thorpe, Alan and Brunet, Gilbert",The quiet revolution of numerical weather prediction,Nature,10.1038/nature14956,paper1;thesis,,closed access
Bocquet2015,,2015,"Bocquet, M. and Elbern, H. and Eskes, H. and Hirtl, M. and {\v{Z}}abkar, R. and Carmichael, G. R. and Flemming, J. and I",Data assimilation in atmospheric chemistry models: current status and future prospects for coupled chemistry meteorology models,Atmospheric Chemistry and Physics,10.5194/acp-15-5325-2015,paper1;thesis,Bocquet2015.pdf,downloaded (open access: https://acp.copernicus.org/articles/15/5325/2015/acp-15-5325-2015.pdf)
Brown2025,,2025,"Brown, Christopher F. and Kazmierski, Michal R. and Pasquarella, Valerie J. and Rucklidge, William J. and Samsikova, Mas",AlphaEarth Foundations: An embedding field model for accurate and efficient global mapping from sparse label data,,10.48550/arxiv.2507.22291,paper1,Brown2025.pdf,held
Bruinsma2021,,2021,"Bruinsma, Wessel P. and Requeima, James and Foong, Andrew Y. K. and others",The Gaussian Neural Process,,,paper1;thesis,,"no DOI (book, report, dataset or web page)"
Buchard2017,,2017,"Buchard, Virginie and Randles, Cynthia A. and da Silva, Arlindo M. and others","The MERRA-2 Aerosol Reanalysis, 1980 Onward. Part II: Evaluation and Case Studies",Journal of Climate,10.1175/jcli-d-16-0613.1,paper1;thesis,Buchard2017.pdf,downloaded (open access: https://journals.ametsoc.org/previewpdf/view/journals/clim/30/17/jcli-d-16-0613.1.xml)
Burnett2018,,2018,"Burnett, Richard and Chen, Hong and Szyszkowicz, Mieczys{\l}aw and Fann, Neal and Hubbell, Bryan and Pope, C. Arden and ",Global estimates of mortality associated with long-term exposure to outdoor fine particulate matter,Proceedings of the National Academy of Sciences,10.1073/pnas.1803222115,paper1;thesis,Burnett2018.pdf,held
CAMSforecast,,2024,{ECMWF},CAMS global atmospheric composition forecasts,,10.24381/04a0b097,paper1,,"open access, but no link served a PDF"
CFR50N,,,{U.S. Environmental Protection Agency},Appendix N to Part 50 -- Interpretation of the National Ambient Air Quality Standards for PM2.5,,,paper1,,"no DOI (book, report, dataset or web page)"
CFR58E,,2024,{U.S. Environmental Protection Agency},Probe and Monitoring Path Siting Criteria for Ambient Air Quality Monitoring,,,paper1;thesis,,"no DOI (book, report, dataset or web page)"
Chaloner1995,,1995,"Chaloner, Kathryn and Verdinelli, Isabella",Bayesian Experimental Design: A Review,Statistical Science,10.1214/ss/1177009939,paper1;thesis,Chaloner1995.pdf,held
Chemel2016,,2016,"Chemel, Charles and Arduini, Gabriele and Staquet, Chantal and Largeron, Yann and Legain, Dominique and Tzanos, Diane an",Valley heat deficit as a bulk measure of wintertime particulate air pollution in the Arve River Valley,Atmospheric Environment,10.1016/j.atmosenv.2015.12.058,paper1;thesis,Chemel2016.pdf,held
Chen2016,,2016,"Chen, Tianqi and Guestrin, Carlos",XGBoost: A Scalable Tree Boosting System,Proceedings of the 22nd {ACM SIGKDD} International Conference on Knowledge Discovery and Data Mining,10.1145/2939672.2939785,paper1;thesis,Chen2016.pdf,held
ChenLin2022,,2022,"Chen, Pi-Cheng and Lin, Yu-Ting",Exposure assessment of PM2.5 using smart spatial interpolation on regulatory air quality stations with clustering of densely-deployed microsensors,Environmental Pollution,10.1016/j.envpol.2021.118401,paper1;thesis,,"open access, but no link served a PDF"
Choi2026,,2026,"Choi, Byeongseong and Hummel, Michelle A.",Optimal sensor placement in low-cost PM2.5 sensor networks using value of information and multimodal data fusion,Environmental Research Letters,10.1088/1748-9326/ae2b89,paper1;thesis,,"open access, but no link served a PDF"
Cimorelli2005,,2005,"Cimorelli, Alan J. and Perry, Steven G. and Venkatram, Akula and Weil, Jeffrey C. and Paine, Robert J. and Wilson, Rober",AERMOD: A Dispersion Model for Industrial Source Applications. Part I: General Model Formulation and Boundary Layer Characterization,Journal of Applied Meteorology,10.1175/jam2227.1,paper1;thesis,,closed access
CNEMC,,2026,{China National Environmental Monitoring Centre},"Real-time air quality data, archived by He Qin",,,paper1;thesis,,"no DOI (book, report, dataset or web page)"
CopernicusDEM,,2021,{European Space Agency},Copernicus Global Digital Elevation Model (GLO-30),,10.5270/esa-c5d3d65,paper1,,closed access
Crippa2020,,2020,"Crippa, Monica and Solazzo, Efisio and Huang, Ganlin and Guizzardi, Diego and Koffi, Ernest and Muntean, Marilena and Sc",High resolution temporal profiles in the Emissions Database for Global Atmospheric Research,Scientific Data,10.1038/s41597-020-0462-2,paper1;thesis,Crippa2020.pdf,held
Davison1997,,1997,"Davison, Anthony C. and Hinkley, David V.",Bootstrap Methods and their Application,Cambridge University Press,10.1017/cbo9780511802843,paper1,,"open access, but no link served a PDF"
DCS2012Census,,2012,{Department of Census and Statistics},Census of Population and Housing 2012,,,paper1;thesis,,"no DOI (book, report, dataset or web page)"
Dehideniya2018,,2018,"Dehideniya, Mahasen B. and Drovandi, Christopher C. and McGree, James M.",Optimal Bayesian design for discriminating between models with intractable likelihoods in epidemiology,Computational Statistics \& Data Analysis,,paper1;thesis,,"no DOI (book, report, dataset or web page)"
Denby2020,,2020,"Denby, Bruce Rolstad and Gauss, Michael and Wind, Peter and Mu, Qing and Gr{\o}tting W{\ae}rsted, Eivind and Fagerli, Hi",Description of the uEMEP\_v5 downscaling approach for the EMEP MSC-W chemistry transport model,Geoscientific Model Development,10.5194/gmd-13-6303-2020,paper1;thesis,Denby2020.pdf,held
DeWekker2015,,2015,"De Wekker, Stephan F. J. and Kossmann, Meinolf",Convective Boundary Layer Heights Over Mountainous Terrain: A Review of Concepts,Frontiers in Earth Science,10.3389/feart.2015.00077,paper1;thesis,DeWekker2015.pdf,held
Dhammapala2022,,2022,"Dhammapala, Ranil and Basnayake, Anushka and Premasiri, Sarath and Chathuranga, Lasitha and Mera, Kalani","PM2.5 in Sri Lanka: Trend Analysis, Low-cost Sensor Correlations and Spatial Distribution",Aerosol and Air Quality Research,10.4209/aaqr.210266,paper1;thesis,Dhammapala2022.pdf,held (from references/papers/aaqr-21-10-oa-0266.pdf)
Dharmapriya2024,,2024,"Dharmapriya, T. N. and Deeyamulla, Mahendra P. and others",Atmospheric quality through analysis of dry and wet deposition at selected locations in Kandy and Gampaha districts of Sri Lanka,"Air Quality, Atmosphere \& Health",10.1007/s11869-023-01431-z,paper1;thesis,,closed access
Di2019,,2019,"Di, Qian and Amini, Heresh and Shi, Liuhua and Kloog, Itai and Silvern, Rachel and Kelly, James and Sabath, M. Benjamin ",An ensemble-based model of PM2.5 concentration across the contiguous United States with high spatiotemporal resolution,Environment International,10.1016/j.envint.2019.104909,paper1;thesis,,"open access, but no link served a PDF"
Didan2021,,2021,"Didan, Kamel",MODIS/Terra Vegetation Indices 16-Day L3 Global 1km SIN Grid V061,NASA Land Processes Distributed Active Archive Center,10.5067/modis/mod13a2.061,paper1;thesis,,"open access, but no link served a PDF"
Duvall2021,,2021,"Duvall, R. and Clements, A. and Hagler, G. and Kamal, A. and Kilaru, Vasu and Goodman, L. and Frederick, S. and Johnson ","Performance Testing Protocols, Metrics, and Target Values for Fine Particulate Matter Air Sensors: Use in Ambient, Outdoor, Fixed Site, Non-Regulatory Supplemental and Informational Monitoring Applications",,,paper1;thesis,,"no DOI (book, report, dataset or web page)"
Elangasinghe2008,,2008,"Elangasinghe, M. A. and Shanthini, R.",Determination of atmospheric PM10 concentration in Kandy in relation to traffic intensity,Journal of the National Science Foundation of Sri Lanka,,paper1;thesis,,"no DOI (book, report, dataset or web page)"
Elbern2007,,2007,"Elbern, H. and Strunk, A. and Schmidt, H. and Talagrand, O.",Emission rate and chemical state estimation by 4-dimensional variational inversion,Atmospheric Chemistry and Physics,10.5194/acp-7-3749-2007,paper1;thesis,Elbern2007.pdf,downloaded (open access: https://acp.copernicus.org/articles/7/3749/2007/acp-7-3749-2007.pdf)
Elguindi2020,,2020,"Elguindi, N. and Granier, C. and Stavrakou, T. and Darras, S. and Bauwens, M. and Cao, H. and Chen, C. and Denier van de","Intercomparison of Magnitudes and Trends in Anthropogenic Surface Emissions From Bottom-Up Inventories, Top-Down Estimates, and Emission Scenarios",Earth's Future,10.1029/2020ef001520,paper1;thesis,Elguindi2020.pdf,held
Elvidge2017,,2017,"Elvidge, Christopher D. and Baugh, Kimberly and Zhizhin, Mikhail and Hsu, Feng Chi and Ghosh, Tilottama",VIIRS night-time lights,International Journal of Remote Sensing,10.1080/01431161.2017.1342050,paper1;thesis,Elvidge2017.pdf,held
Eskridge1997,,1997,"Eskridge, Robert E. and Ku, Jia Yeong and Rao, S. Trivikrama and Porter, P. Steven and Zurbenko, Igor G.",Separating different scales of motion in time series of meteorological variables,Bulletin of the American Meteorological Society,10.1175/1520-0477(1997)078,paper1;thesis,,openalex 404
Farr2007,,2007,"Farr, Tom G. and Rosen, Paul A. and Caro, Edward and Crippen, Robert and Duren, Riley and Hensley, Scott and Kobrick, Mi",The Shuttle Radar Topography Mission,Reviews of Geophysics,10.1029/2005rg000183,paper1;thesis,,"open access, but no link served a PDF"
Field2007,,2007,"Field, Christopher A. and Welsh, Alan H.",Bootstrapping clustered data,Journal of the Royal Statistical Society: Series B (Statistical Methodology),10.1111/j.1467-9868.2007.00593.x,paper1,,closed access
FIRMS_MCD14DL,,2016,{NASA FIRMS},MODIS Collection 6 NRT Hotspot / Active Fire Detections MCD14DL,,10.5067/firms/modis/mcd14dl.nrt.006,paper1,,"open access, but no link served a PDF"
Forthofer2014,,2014,"Forthofer, Jason M. and Butler, Bret W. and Wagenbrenner, Natalie S.",A comparison of three approaches for simulating fine-scale surface winds in support of wildland fire management. Part I. Model formulation and comparison against measurements,International Journal of Wildland Fire,10.1071/wf12089,paper1;thesis,,closed access
Gassmann2000,,2000,"Gassmann, Mar{\'\i}a I. and Mazzeo, Nicol{\'a}s A.",Air Pollution Potential: Regional Study in Argentina,Environmental Management,10.1007/s002679910029,paper1,,closed access
GBD2021Risk,,2024,{GBD 2021 Risk Factors Collaborators},"Global burden and strength of evidence for 88 risk factors in 204 countries and 811 subnational locations, 1990--2021: a systematic analysis for the Global Burden of Disease Study 2021",The Lancet,10.1016/s0140-6736(24)00933-4,paper1;thesis,GBD2021Risk.pdf,held
Giglio2016,,2016,"Giglio, Louis and Schroeder, Wilfrid and Justice, Christopher O.",The collection 6 MODIS active fire detection algorithm and fire products,Remote Sensing of Environment,10.1016/j.rse.2016.02.054,paper1,,"open access, but no link served a PDF"
Gordon2020,,2020,"Gordon, Jonathan and Bruinsma, Wessel P. and Foong, Andrew Y. K. and Requeima, James and Dubois, Yann and Turner, Richar",Convolutional Conditional Neural Processes,International Conference on Learning Representations ({ICLR} 2020),,paper1;thesis,,"no DOI (book, report, dataset or web page)"
Gorelick2017,,2017,"Gorelick, Noel and Hancher, Matt and Dixon, Mike and Ilyushchenko, Simon and Thau, David and Moore, Rebecca",Google Earth Engine: Planetary-scale geospatial analysis for everyone,Remote Sensing of Environment,10.1016/j.rse.2017.06.031,paper1,,"open access, but no link served a PDF"
Gressent2020,,2020,"Gressent, Alicia and Malherbe, Laure and Colette, Augustin and Rollin, Hugo and Scimia, Romain",Data fusion for air quality mapping using low-cost sensor observations: Feasibility and added-value,Environment International,10.1016/j.envint.2020.105965,paper1;thesis,,"open access, but no link served a PDF"
Hammer2020,,2020,"Hammer, Melanie S. and van Donkelaar, Aaron and Li, Chi and Lyapustin, Alexei and Sayer, Andrew M. and Hsu, N. Christina",Global Estimates and Long-Term Trends of Fine Particulate Matter Concentrations (1998--2018),Environmental Science \& Technology,10.1021/acs.est.0c01764,paper1;thesis,Hammer2020.pdf,downloaded (open access: https://mdsoar.org/bitstreams/0bbbce54-9f7b-46b0-81e5-e8471640dcd6/download)
Hansen2013,,2013,"Hansen, M. C. and Potapov, P. V. and Moore, R. and Hancher, M. and Turubanova, S. A. and Tyukavina, A. and Thau, D. and ",High-Resolution Global Maps of 21st-Century Forest Cover Change,Science,10.1126/science.1244693,paper1;thesis,,closed access
Hersbach2020,,2020,"Hersbach, Hans and Bell, Bill and Berrisford, Paul and others",The ERA5 global reanalysis,Quarterly Journal of the Royal Meteorological Society,10.1002/qj.3803,paper1;thesis,,"open access, but no link served a PDF"
Hoek2008,,2008,"Hoek, Gerard and Beelen, Rob and de Hoogh, Kees and Vienneau, Danielle and Gulliver, John and Fischer, Paul and Briggs, ",A review of land-use regression models to assess spatial variation of outdoor air pollution,Atmospheric Environment,10.1016/j.atmosenv.2008.05.057,paper1;thesis,,closed access
Hollmann2025,,2025,"Hollmann, Noah and M\""uller, Samuel and Purucker, Lennart and Krishnakumar, Arjun and others",Accurate predictions on small data with a tabular foundation model,Nature,10.1038/s41586-024-08328-6,paper1;thesis,Hollmann2025.pdf,held
Hopke2016,,2016,"Hopke, Philip K.",Review of receptor modeling methods for source apportionment,Journal of the Air \& Waste Management Association,10.1080/10962247.2016.1140693,paper1;thesis,,"open access, but no link served a PDF"
Howard1966,,1966,"Howard, Ronald A.",Information Value Theory,IEEE Transactions on Systems Science and Cybernetics,10.1109/tssc.1966.300074,paper1;thesis,,closed access
Huang2014,,2014,"Huang, Ru-Jin and Zhang, Yanlin and Bozzetti, Carlo and Ho, Kin-Fai and Cao, Jun-Ji and Han, Yongming and Daellenbach, K",High secondary aerosol contribution to particulate pollution during haze events in China,Nature,10.1038/nature13774,paper1;thesis,Huang2014.pdf,held
Huffman2020,,2020,"Huffman, George J. and Bolvin, David T. and Braithwaite, Dan and Hsu, Kuo-Lin and Joyce, Robert J. and Kidd, Christopher",Integrated Multi-satellite Retrievals for the Global Precipitation Measurement (GPM) Mission (IMERG),Satellite Precipitation Measurement,10.1007/978-3-030-24568-9_19,paper1;thesis,,closed access
Huffman2023,,2023,"Huffman, George J. and Bolvin, David T. and Joyce, Robert and Nelkin, Eric J. and Tan, Jackson and Braithwaite, Dan and ",Algorithm Theoretical Basis Document (ATBD) Version 07 for the NASA Global Precipitation Measurement (GPM) Integrated Multi-satellitE Retrievals for GPM (IMERG),,,paper1,,"no DOI (book, report, dataset or web page)"
Ileperuma2020,,2020,"Ileperuma, Oliver A.",Review of air pollution studies in Sri Lanka,Ceylon Journal of Science,10.4038/cjs.v49i3.7773,paper1;thesis,Ileperuma2020.pdf,held (from references/papers/7773-1-27565-1-10-20200925.pdf)
Inness2019,,2019,"Inness, Antje and Ades, Melanie and Agust{\'{i}}-Panareda, Anna and others",The CAMS reanalysis of atmospheric composition,Atmospheric Chemistry and Physics,10.5194/acp-19-3515-2019,paper1;thesis,Inness2019.pdf,held
Jayalath2023,,2023,"Jayalath, K. G. and Deeyamulla, M. P. and de Silva, R. C. L.",Assessment of Transboundary Pollution from Colombo to Kandy on the Atmospheric Deposition of Heavy Metals Using Moss (\emphHyophila involuta),Sri Lankan Journal of Applied Sciences,,paper1;thesis,,"no DOI (book, report, dataset or web page)"
Just2020,,2020,"Just, Allan C. and Arfer, Kodi B. and Rush, Johnathan and Dorman, Michael and Shtein, Alexandra and Lyapustin, Alexei an",Advancing methodologies for applying machine learning and evaluating spatiotemporal models of fine particulate matter (PM2.5) using satellite data over large regions,Atmospheric Environment,10.1016/j.atmosenv.2020.117649,paper1;thesis,,"open access, but no link served a PDF"
Kamigauti2024,,2024,"Kamigauti, Leonardo Y. and Perez, Gabriel M. P. and Martin, Thomas C. M. and de Fatima Andrade, Maria and Kumar, Prashan",Enhancing spatial inference of air pollution using machine learning techniques with low-cost monitors in data-limited scenarios,Environmental Science: Atmospheres,10.1039/d3ea00126a,paper1;thesis,Kamigauti2024.pdf,held
Kanaroglou2005,,2005,"Kanaroglou, Pavlos S. and Jerrett, Michael and Morrison, Jason and Beckerman, Bernardo and Arain, M. Altaf and Gilbert, ",Establishing an air pollution monitoring network for intra-urban population exposure assessment: A location-allocation approach,Atmospheric Environment,10.1016/j.atmosenv.2004.06.049,paper1;thesis,,closed access
Ke2017,,2017,"Ke, Guolin and Meng, Qi and Finley, Thomas and Wang, Taifeng and Chen, Wei and Ma, Weidong and Ye, Qiwei and Liu, Tie-Ya",LightGBM: A Highly Efficient Gradient Boosting Decision Tree,Advances in Neural Information Processing Systems 30 ({NIPS} 2017),,paper1;thesis,,"no DOI (book, report, dataset or web page)"
Keller2021,,2021,"Keller, Christoph A. and Knowland, K. Emma and Duncan, Bryan N. and Liu, Junhua and Anderson, Daniel C. and Das, Sampa a",Description of the NASA GEOS Composition Forecast Modeling System GEOS-CF v1.0,Journal of Advances in Modeling Earth Systems,10.1029/2020ms002413,paper1;thesis,,"open access, but no link served a PDF"
Lakens2017,,2017,"Lakens, Dani{\""e}l","Equivalence tests: A practical primer for t tests, correlations, and meta-analyses",Social Psychological and Personality Science,10.1177/1948550617697177,paper1,,"open access, but no link served a PDF"
Lakens2018,,2018,"Lakens, Dani{\""e}l and Scheel, Anne M. and Isager, Peder M.",Equivalence testing for psychological research: A tutorial,Advances in Methods and Practices in Psychological Science,10.1177/2515245918770963,paper1,,"open access, but no link served a PDF"
Lenschow2001,,2001,"Lenschow, P. and Abraham, H.-J. and Kutzner, K. and Lutz, M. and Pre{\ss}, J.-D. and Reichenb{\""a}cher, W.",Some ideas about the sources of PM10,Atmospheric Environment,10.1016/s1352-2310(01)00122-4,paper1;thesis,,closed access
Levy2013,,2013,"Levy, Robert C. and Mattoo, Shana and Munchak, Leigh A. and Remer, Lorraine A. and Sayer, Andrew M. and Patadia, Falguni",The Collection 6 MODIS aerosol products over land and ocean,Atmospheric Measurement Techniques,10.5194/amt-6-2989-2013,paper1;thesis,Levy2013.pdf,held
Lyapustin2018,,2018,"Lyapustin, Alexei and Wang, Yujie and Korkin, Sergey and Huang, Dong",MODIS Collection 6 MAIAC algorithm,Atmospheric Measurement Techniques,10.5194/amt-11-5741-2018,paper1;thesis,Lyapustin2018.pdf,held
Mampitiya2023,,2023,"Mampitiya, Lakindu and Rathnayake, Namal and Leon, Lee P. and Mandala, Vishwanadham and Azamathulla, Hazi Md. and Shelto",Machine Learning Techniques to Predict the Air Quality Using Meteorological Data in Two Urban Areas in Sri Lanka,Environments,10.3390/environments10080141,paper1;thesis,,"open access, but no link served a PDF"
Martin2019,,2019,"Martin, Randall V. and Brauer, Michael and van Donkelaar, Aaron and Shaddick, Gavin and Narain, Urvashi and Dey, Sagnik",No one knows which city has the highest concentration of fine particulate matter,Atmospheric Environment: X,10.1016/j.aeaoa.2019.100040,paper1;thesis,,"open access, but no link served a PDF"
Morawska2018,,2018,"Morawska, Lidia and Thai, Phong K. and Liu, Xiaoting and Asumadu-Sakyi, Akwasi and Ayoko, Godwin and Bartonova, Alena an",Applications of low-cost sensing technologies for air quality monitoring and exposure assessment: How far have they gone?,Environment International,10.1016/j.envint.2018.04.018,paper1;thesis,Morawska2018.pdf,held
MunozSabater2021,,2021,"Mu{\~n}oz-Sabater, Joaqu{\'\i}n and others",ERA5-Land: a state-of-the-art global reanalysis dataset for land applications,Earth System Science Data,10.5194/essd-13-4349-2021,paper1,MunozSabater2021.pdf,held
Nandasena2010,,2010,"Nandasena, Yatagama Lokuge S. and Wickremasinghe, Ananda R. and Sathiakumar, Nalini",Air pollution and health in Sri Lanka: a review of epidemiologic studies,BMC Public Health,10.1186/1471-2458-10-300,paper1;thesis,Nandasena2010.pdf,held
NaturalEarth,,2026,{Natural Earth},Natural Earth: free vector and raster map data,,,paper1;thesis,,"no DOI (book, report, dataset or web page)"
Nguyen2022,,2022,"Nguyen, Tung and Grover, Aditya",Transformer Neural Processes: Uncertainty-Aware Meta Learning via Sequence Modeling,International Conference on Machine Learning ({ICML} 2022),,paper1;thesis,,"no DOI (book, report, dataset or web page)"
Nirmani2025,,2025,"Nirmani, Thrividya and Shifa, Shazia and Gupta, Lovleen","Assessment of PM2.5 and PM10 Over Sri Lanka: Spatiotemporal Trends, Potential Source Regions, and Associated Health Effects","CLEAN -- Soil, Air, Water",10.1002/clen.70051,paper1;thesis,Nirmani2025.pdf,held (from references/papers/CLEAN Soil Air Water - 2025 - Nirmani - Assessment of PM2 5 and PM10 Over Sri Lanka  Spatiotemporal Trends  Potential.pdf)
Ntziachristos2000,,2000,"Ntziachristos, Leonidas and Samaras, Zissis",COPERT III Computer programme to calculate emissions from road transport: Methodology and emission factors (Version 2.1),,,paper1;thesis,,"no DOI (book, report, dataset or web page)"
OpenAQ,,2026,{OpenAQ},OpenAQ: open air quality data platform,,,paper1;thesis,,"no DOI (book, report, dataset or web page)"
OpenStreetMap,,2026,{OpenStreetMap contributors},OpenStreetMap,,,paper1;thesis,,"no DOI (book, report, dataset or web page)"
Pedregosa2011,,2011,"Pedregosa, Fabian and Varoquaux, Ga{\""e}l and Gramfort, Alexandre and Michel, Vincent and Thirion, Bertrand and Grisel, ",Scikit-learn: Machine Learning in Python,Journal of Machine Learning Research,,paper1,,"no DOI (book, report, dataset or web page)"
Pekel2016,,2016,"Pekel, Jean-Fran{\c{c}}ois and Cottam, Andrew and Gorelick, Noel and Belward, Alan S.",High-resolution mapping of global surface water and its long-term changes,Nature,10.1038/nature20584,paper1;thesis,,closed access
Pesaresi2023,,2023,"Pesaresi, Martino and Politis, Panagiotis","GHS-BUILT-V R2023A - GHS built-up volume grids derived from joint assessment of Sentinel2, Landsat, and global DEM data, multitemporal (1975-2030)","European Commission, Joint Research Centre",10.2905/ab2f107a-03cd-47a3-85e5-139d8ec63283,paper1;thesis,,"open access, but no link served a PDF"
Priyankara2021,,2021,"Priyankara, Sachith and Jayaratne, Rohan and Abeysundara, Sachith and Welikannage, Kosala and Morawska, Lidia and Bowatt","Ambient PM2.5 and PM10 Exposure and Respiratory Disease Hospitalization in Kandy, Sri Lanka",International Journal of Environmental Research and Public Health,10.3390/ijerph18189617,paper1;thesis,Priyankara2021.pdf,held (from references/papers/Ambient_PM25_and_PM10_Exposure_and_Respiratory_Dis.pdf)
Prokhorenkova2018,,2018,"Prokhorenkova, Liudmila and Gusev, Gleb and Vorobev, Aleksandr and Dorogush, Anna Veronika and Gulin, Andrey",CatBoost: unbiased boosting with categorical features,Advances in Neural Information Processing Systems 31 ({NeurIPS} 2018),,paper1;thesis,,"no DOI (book, report, dataset or web page)"
Provencal2017,,2017,"Proven{\c{c}}al, St{\'{e}}phane and Buchard, Virginie and da Silva, Arlindo M. and Leduc, Real and Barrette, Nicolas",Evaluation of PM surface concentrations simulated by Version 1 of NASA's MERRA-2 reanalysis over Europe,Atmosphere,10.3390/atmos8050081,paper1;thesis,Provencal2017.pdf,downloaded (open access: https://repositorio.unesp.br/bitstreams/cb4b09d1-283b-4d4c-be9f-c3be4f53c38d/download)
PurpleAir,,2026,{PurpleAir},PurpleAir sensor data,,,paper1;thesis,,"no DOI (book, report, dataset or web page)"
Raissi2019,,2019,"Raissi, Maziar and Perdikaris, Paris and Karniadakis, George Em",Physics-informed neural networks: A deep learning framework for solving forward and inverse problems involving nonlinear partial differential equations,Journal of Computational Physics,10.1016/j.jcp.2018.10.045,paper1;thesis,Raissi2019.pdf,held
Rao1994,,1994,"Rao, S. T. and Zurbenko, I. G.",Detecting and tracking changes in ozone air quality,Journal of the Air \& Waste Management Association,10.1080/10473289.1994.10467303,paper1;thesis,,"open access, but no link served a PDF"
Reid2015,,2015,"Reid, Colleen E. and Jerrett, Michael and Petersen, Maya L. and Pfister, Gabriele G. and Morefield, Philip E. and Tager,",Spatiotemporal prediction of fine particulate matter during the 2008 Northern California wildfires using machine learning,Environmental Science \& Technology,10.1021/es505846r,paper1;thesis,,closed access
Romano2019,,2019,"Romano, Yaniv and Patterson, Evan and Cand{\`e}s, Emmanuel J.",Conformalized Quantile Regression,Advances in Neural Information Processing Systems 32 ({NeurIPS} 2019),,paper1;thesis,,"no DOI (book, report, dataset or web page)"
Ryan2016,,2016,"Ryan, Elizabeth G. and Drovandi, Christopher C. and McGree, James M. and Pettitt, Anthony N.",A Review of Modern Computational Algorithms for Bayesian Optimal Design,International Statistical Review,10.1111/insr.12107,paper1;thesis,,"open access, but no link served a PDF"
Samaradiwakara2021,,2021,"Samaradiwakara, D. S. and Pitawala, H. M. T. G. A.","Extent of air pollution in Kandy area, Sri Lanka: morphological, mineralogical and chemical characterization of dust",Ceylon Journal of Science,10.4038/cjs.v50i4.7946,paper1;thesis,Samaradiwakara2021.pdf,downloaded (open access: https://cjs.sljol.info/articles/7946/files/submission/proof/7946-1-28270-1-10-20211215.pdf)
Samrat2025,,2025,"Samrat, Nahidul Hoque and Candy, Brett and Lewis, Owen and Cotton, James and Smith, Fiona and Halloran, Gemma and Harlow",Observation impact evaluation through data denial experiments in the Met Office global numerical weather prediction system,Quarterly Journal of the Royal Meteorological Society,10.1002/qj.5002,paper1;thesis,,closed access
Schiavina2023,,2023,"Schiavina, Marcello and Freire, Sergio and MacManus, Kytt",GHS-POP R2023A - GHS population grid multitemporal (1975-2030),"European Commission, Joint Research Centre",10.2905/2ff68a52-5b5b-4a22-8f40-c41da8332cfe,paper1;thesis,,"open access, but no link served a PDF"
SchiavinaSMOD2023,,2023,"Schiavina, Marcello and Melchiorri, Michele and Pesaresi, Martino","GHS-SMOD R2023A - GHS settlement layers, application of the Degree of Urbanisation methodology (stage I) to GHS-POP R2023A and GHS-BUILT-S R2023A, multitemporal (1975-2030)",,10.2905/jrc.spx1fdr,paper1,,"open access, but no link served a PDF"
Schneider2017,,2017,"Schneider, Philipp and Castell, Nuria and Vogt, Matthias and Dauge, Franck R. and Lahoz, William A. and Bartonova, Alena",Mapping urban air quality in near real-time using observations from low-cost sensors and model information,Environment International,10.1016/j.envint.2017.05.005,paper1;thesis,,"open access, but no link served a PDF"
Senarathna2024,,2024,"Senarathna, Mahesh and Jayaratne, Rohan and Abeysundara, Sachith and Weerasooriya, Rohan and Welikannage, Kosala and Mor","PM2.5 air pollution trends and patterns in Kandy, Sri Lanka",Ceylon Journal of Science,,paper1;thesis,,"no DOI (book, report, dataset or web page)"
Senarathna2026,,2026,"Senarathna, Mahesh and Attanayake, Gimhan and Bergin, Michael H. and Bhave, Prakash V. and Vithanage, Meththika and Hari",Enhancing low-cost PM2.5 air quality monitoring sensors through sensor calibration using regression and echo-state network models,Environmental Monitoring and Assessment,10.1007/s10661-026-15623-4,paper1;thesis,,closed access
Seneviratne2017,,2017,"Seneviratne, S. and Handagiripathira, L. and Sanjeevani, S. and Madusha, D. and Waduge, V. A. and Attanayake, T. and Ban","Identification of Sources of Fine Particulate Matter in Kandy, Sri Lanka",Aerosol and Air Quality Research,10.4209/aaqr.2016.03.0123,paper1;thesis,Seneviratne2017.pdf,held (from references/papers/aaqr-16-03-2015aac-0123.pdf)
Shaddick2020,,2020,"Shaddick, Gavin and Thomas, Matthew L. and Mudu, Pierpaolo and Ruggeri, Giulia and Gumy, Sophie",Half the world's population are exposed to increasing air pollution,npj Climate and Atmospheric Science,10.1038/s41612-020-0124-2,paper1;thesis,Shaddick2020.pdf,held
Simpson1951,,1951,"Simpson, Edward H.",The Interpretation of Interaction in Contingency Tables,Journal of the Royal Statistical Society: Series B (Methodological),10.1111/j.2517-6161.1951.tb00088.x,paper1,,closed access
Sprenger2021,,2021,"Sprenger, Jan and Weinberger, Naftali",Simpson's Paradox,The Stanford Encyclopedia of Philosophy (Summer 2021 Edition),,paper1,,"no DOI (book, report, dataset or web page)"
Stull1988,,1988,"Stull, Roland B.",An Introduction to Boundary Layer Meteorology,Kluwer Academic Publishers,10.1007/978-94-009-3027-8,paper1;thesis,,closed access
Swanson2026,,2026,"Swanson, Alan and Orr, Ava and Holden, Zachary A. and Bocinsky, Kyle and Landguth, Erin L.",Winter inversions and summer smoke: A season-dependent approach to PM2.5 modeling with low-cost sensors in complex terrain,Science of The Total Environment,10.1016/j.scitotenv.2026.181915,paper1;thesis,,"open access, but no link served a PDF"
Tatem2017,,2017,"Tatem, Andrew J.","WorldPop, open data for spatial demography",Scientific Data,10.1038/sdata.2017.4,paper1;thesis,Tatem2017.pdf,held
vanDonkelaar2021,,2021,"van Donkelaar, Aaron and Hammer, Melanie S. and Bindle, Liam and Brauer, Michael and Brook, Jeffery R. and Garay, Michae",Monthly Global Estimates of Fine Particulate Matter and Their Uncertainty,Environmental Science \& Technology,10.1021/acs.est.1c05309,paper1;thesis,vanDonkelaar2021.pdf,downloaded (open access: https://mdsoar.org/bitstreams/2e35ba44-86f8-46d7-8843-1aa6a5ed481e/download)
Veefkind2012,,2012,"Veefkind, J. P. and Aben, I. and McMullan, K. and others","TROPOMI on the ESA Sentinel-5 Precursor: a GMES mission for global observations of the atmospheric composition for climate, air quality and ozone layer applications",Remote Sensing of Environment,10.1016/j.rse.2011.09.027,paper1;thesis,,closed access
Verghese2022,,2022,"Verghese, Sheelu and Nema, Arvind K.",Optimal design of air quality monitoring networks: A systematic review,Stochastic Environmental Research and Risk Assessment,10.1007/s00477-022-02187-1,paper1;thesis,,closed access
Vovk2005,,2005,"Vovk, Vladimir and Gammerman, Alexander and Shafer, Glenn",Algorithmic Learning in a Random World,Springer,,paper1;thesis,,"no DOI (book, report, dataset or web page)"
Wang2012LUR,,2012,"Wang, Meng and Beelen, Rob and Eeftens, Marloes and Meliefste, Kees and Hoek, Gerard and Brunekreef, Bert",Systematic evaluation of land use regression models for NO2,Environmental Science \& Technology,10.1021/es204183v,paper1;thesis,,closed access
Wei2023,,2023,"Wei, Jing and Li, Zhanqing and Lyapustin, Alexei and Wang, Jun and Dubovik, Oleg and Schwartz, Joel and Sun, Lin and Li,","First close insight into global daily gapless 1 km PM2.5 pollution, variability, and health impact",Nature Communications,10.1038/s41467-023-43862-3,paper1;thesis,Wei2023.pdf,downloaded (open access: https://www.nature.com/articles/s41467-023-43862-3.pdf)
Whiteman2000,,2000,"Whiteman, C. David",Mountain Meteorology: Fundamentals and Applications,Oxford University Press,,paper1;thesis,,"no DOI (book, report, dataset or web page)"
WHO2021,,2021,{World Health Organization},"WHO global air quality guidelines: particulate matter (PM2.5 and PM10), ozone, nitrogen dioxide, sulfur dioxide and carbon monoxide",,,paper1;thesis,,"no DOI (book, report, dataset or web page)"
Wickramasinghe2011,,2011,"Wickramasinghe, A. P. and Karunaratne, D. G. G. P. and Sivakanesan, R.","PM10-bound polycyclic aromatic hydrocarbons: Concentrations, source characterization and estimating their risk in urban, suburban and rural areas in Kandy, Sri Lanka",Atmospheric Environment,10.1016/j.atmosenv.2011.02.032,paper1;thesis,,closed access
WorldBank2020KMTT,,2020,{World Bank},Project Information Document: Kandy Multimodal Transport Terminal Development Project (P172342),,,paper1;thesis,,"no DOI (book, report, dataset or web page)"
Zanaga2022,,2022,"Zanaga, Daniele and Van De Kerchove, Ruben and Daems, Dirk and De Keersmaecker, Wanda and Brockmann, Carsten and Kirches",ESA WorldCover 10 m 2021 v200,Zenodo,10.5281/zenodo.7254221,paper1;thesis,,"open access, but no link served a PDF"
Zhang2025,,2025,"Zhang, Jingzhuo and Bai, Li and Li, Na and Wang, Yu and Lv, Yibing and Shi, Yaolong and Yang, Chao and Xu, Chi","Low-Cost Particulate Matter Mass Sensors: Review of the Status, Challenges, and Opportunities for Single-Instrument and Network Calibration",ACS Sensors,10.1021/acssensors.4c03293,paper1;thesis,,closed access
