city,first2_rmse,s36_rmse,bg_rmse,bgm2_rmse,first2_tail,s36_tail,bg_tail,bgm2_tail,first2_exceed,s36_exceed,bg_exceed,bgm2_exceed,n_splits,band,cluster,frac_reference,lat,abs_lat
city051,1.7641493215938147,0.48258166671766795,61.54554356816282,58.175048311017036,-3.869853532797485,0.05831756729366792,57.792105675405324,61.38032895508048,7.503642544924743,0.0,68.00000000000001,49.58778753744005,21,subtropical,CNEMC,1.0,28.687,28.687
city073,3.2580177368177767,0.006652281703936817,78.94124062803753,75.47782908887659,-6.606756270520304,0.009585935294540568,82.93628313014933,88.50709438588942,0.0,0.0,72.0871040723982,72.0871040723982,21,temperate,CNEMC,1.0,45.7349,45.7349
city074,5.447884941965369,0.06791704491093317,71.92565846458994,66.77332838818185,-11.156328662776753,0.20177220311865443,75.10090182585779,87.28485856601125,-10.909090909090922,0.0,75.72866984631692,87.7326848099616,21,temperate,CNEMC,1.0,39.6363,39.6363
city088,-3.18647644381124,0.03817498787626807,72.45635099947818,75.58383649852925,-4.7607092989223805,0.0023451359050729688,76.36477999502225,81.00455208229924,19.09779996302462,0.9291121816930186,68.23326506413713,50.65258259368836,21,temperate,CNEMC,1.0,38.9117,38.9117
city091,-0.4972744394291205,0.22667001733052558,62.869855560748775,65.67408432404626,-2.7173453976616644,-0.0273261993186064,68.47685137892329,71.5516721910673,-9.183884297520674,0.0,64.00795022468024,74.1656600517688,21,temperate,CNEMC,1.0,37.8692,37.8692
city155,1.324457544209588,0.12359919516616327,69.65123677412016,68.54503231429975,12.816126378548512,0.14996223778214077,68.75267307251987,55.46874631540073,-10.61792201869726,0.0,72.66356919795874,83.8013908157111,21,subtropical,CNEMC,1.0,31.56,31.56
city158,5.511852664021539,0.04168540818804523,65.04309057615156,58.72809181775225,18.62676105432217,0.13004119818188936,67.21666272039458,48.069215174792504,-51.742236477620644,0.0,77.5108938250611,124.15151095484725,21,subtropical,CNEMC,1.0,24.9856,24.9856
city186,-0.07215247572116433,0.38606980780474864,66.50131424328113,65.62992034836138,15.06772735901871,-0.19110414233569914,69.73490839997868,57.17094363546814,6.654512306289882,0.0,69.55761496765169,62.69896661880502,21,subtropical,CNEMC,1.0,30.5582,30.5582
city265,10.856622308168635,0.06724547422713184,73.93000796488502,62.85759403946696,-28.23354658233119,-0.5248293980432487,76.06798144058745,104.30152802291863,30.079886962665075,0.16996291718173126,74.0868070477009,41.19244689883173,21,subtropical,CNEMC,1.0,31.3058,31.3058
city286,44.07790759251811,0.9777466152041004,65.60056985027026,20.87981001169713,-105.82851955493793,-2.1329427240545495,65.51942998412139,160.09785056688492,15.786608600979868,0.0,71.01449275362317,54.99056760386955,21,subtropical,CNEMC,1.0,26.569450000000003,26.569450000000003
city309,5.207403536523974,0.1400248446713367,66.29407637921877,61.6285533514638,17.0894090703363,0.5296573000377255,75.51369457448028,56.985136206513104,0.0,0.0,65.49935149156939,65.49935149156939,21,subtropical,CNEMC,1.0,34.77153,34.77153
city327,8.337887047950646,0.04038572306182402,74.49427690469506,66.16793308103266,9.322684777663355,-0.03993195789123488,78.84008701693398,69.75001525648125,5.043909029497846,0.0,82.36489232019504,73.22492899250572,21,temperate,CNEMC,1.0,43.8463,43.8463
oaq_AM_14,75.90970383098619,-0.36826456554806375,35.51657227682943,-39.00423185019618,29.724110879764446,-1.57917152546359,33.85732624764262,-4.596316718820937,-18.63898500576702,0.0,54.259259259259274,70.88992880569556,21,temperate,AM,0.0,40.1976,40.1976
oaq_AT_17,20.13952936813832,0.15094625375880918,59.434191023171344,39.95638072710689,-50.27531377608566,0.03835691334352465,73.56520318818447,114.78785212574218,-84.54987834549875,0.0,74.51403887688984,156.48312264886286,21,temperate,AT,1.0,48.21416949986264,48.21416949986264
oaq_AT_60,-10.319659089110848,0.749192409990673,44.85069942869905,55.91966331798925,13.429698519985935,-0.6170346158997773,30.376175216973856,13.540996363320914,8.496199782844764,0.0,64.99318933644679,58.32728471608131,21,temperate,AT,1.0,48.21739700006576,48.21739700006576
oaq_AT_95,0.0,3.785604985904021,-0.8152596783385656,3.1325279356818503,9.071600163894184,3.113472054844744,-25.421299470942483,-35.95000912429088,2.8523313335438645,3.1819618586029343,25.15644555694624,14.455790813851213,21,temperate,AT,0.8,47.065170499986536,47.065170499986536
oaq_AU_100,-0.7152456822479192,0.7104943590413803,10.002657265824793,14.47287307267105,0.3667175737892638,0.9635741272783249,27.107585530725046,28.43720489008017,0.0,0.0,10.515603799185893,9.997802680729517,21,temperate,AU,0.9090909090909091,-41.465,41.465
oaq_AU_45,-2.9632086178979913,1.0413905641694379,10.344486968220338,18.084847702883,-20.151239820522274,2.5676295226332235,28.872662015793633,88.66222938619201,0.0,0.0,14.28571428571428,14.28571428571428,21,temperate,AU,0.9166666666666666,-37.8073959,37.8073959
oaq_AU_99,23.512378888495725,0.7848780373606479,-8.248373851558501,-29.72080383514968,-26.906585034469956,-0.17250044644840168,3.817293818661936,28.126435443158805,-17.352941176470594,0.0,0.0,22.10915818686403,21,temperate,AU,0.8181818181818182,-42.9011,42.9011
oaq_BE_6,37.7944121044493,0.3854551730429095,33.92618988211981,-3.4764672542176314,-10.688725118361324,0.23779551266996302,28.11085424258523,45.25147595073755,-1.4468788755683784,0.0,9.834710743801672,41.56540342298288,21,temperate,BE,1.0,50.93554276975652,50.93554276975652
oaq_BG_43,74.93902723797478,0.7939074282936315,45.104552812405856,-31.668639904790382,44.57678774323931,-1.7461883876472606,42.15645096453821,-8.236679012188773,-10.785551907047243,0.13029315960912002,63.499420625724206,70.60003220933537,21,temperate,BG,0.0,42.8931,42.8931
oaq_CA_103,-8.623445410088774,1.1761810732611526,41.776739903362696,57.7286173368368,-0.4717052395889858,-0.17915858634308215,45.1944208833116,37.242125746683335,1.5982564475118075,-0.4259850905218109,44.679155041849334,38.57878603992593,21,temperate,CA,0.2727272727272727,45.4369,45.4369
oaq_CA_39,0.844464877403911,0.00910872140999496,70.38519036630913,69.62405439458004,5.223746337325129,0.13514449433322973,69.11071560690841,63.64171227595805,5.778588807785888,0.0,77.41935483870967,73.1713208108058,21,temperate,CA,1.0,43.66885135,43.66885135
oaq_CA_41,43.97123899136399,0.38653053054517855,67.7758375665096,21.14167571926884,0.2874048507453421,-0.6481547438999038,69.16795924323412,70.05344974450276,-4.151652827823888,0.0,79.74910394265234,81.52747491250932,21,temperate,CA,0.9166666666666666,53.5523877,53.5523877
oaq_CA_57,2.9674470357769316,0.6156047377305893,61.21961288466583,57.439286086335166,2.389349753911426,0.1075401145767108,60.665065079299886,58.062666778420756,-5.641025641025625,0.47021943573669417,60.11019283746554,61.35286014310706,21,temperate,CA,0.9166666666666666,45.512189,45.512189
oaq_CH_73,-6.152590523291945,2.354445497248977,27.161448075127318,39.45855680694118,-43.312631943847244,1.0993716540047715,23.186157749085904,37.244149519749485,-9.01822833386632,2.838210933186115,40.53833605220227,53.078828428352274,21,temperate,CH,0.3333333333333333,47.39759799993016,47.39759799993016
oaq_CZ_113,20.0733170315598,2.799113572279657,-23.25137418630181,-42.1007623456373,23.815327651286808,3.7246342969001756,-27.994678807448626,-43.94226317257913,18.43607305936073,1.7121300058038604,-116.00236197224685,-101.40847900341574,17,temperate,CZ,0.7,50.61552238458077,50.61552238458077
oaq_CZ_75,15.784740526876888,0.8599275645695852,-1.477918821921729,-19.003768621485456,22.024355414558567,9.02386563715889,1.513520471269632,-14.669644600206334,28.653136531365337,0.0,-35.813346386033565,-76.10124894209153,21,temperate,CZ,0.5,50.06265752862357,50.06265752862357
oaq_DE_108,2.5402847773711685,0.1524944671500648,54.73435043198681,52.179163119485835,-1.4761493483812067,-0.6184008251676937,57.32506040753083,55.074560493936865,1.099158091674456,1.3493253373313603,56.20437956204384,53.68620527282389,21,temperate,DE,1.0,51.3196345000438,51.3196345000438
oaq_DE_35,51.55185737345026,0.3601090124252533,70.13932955510151,17.293746209680144,-55.364872934317184,-1.1591442993730627,77.76673737424616,133.24524683050873,65.2051282051282,-0.39562923888470714,66.87116564417178,0.8198835928897239,21,temperate,DE,1.0,52.48436038868952,52.48436038868952
oaq_DE_48,-0.16342312747260837,0.03858175326898424,80.53683484570304,81.05022683702892,-0.9654633341952854,-0.4309009447301417,84.23985811410034,84.90675349746874,-16.709956709956693,0.0,86.97210135653957,100.43967683574859,21,temperate,DE,0.9166666666666666,53.56414000008392,53.56414000008392
oaq_DE_56,10.674321671545599,0.5585614690887314,44.96270937845088,34.552724838075505,-32.10374773849329,-1.1045992401301348,52.50943202409022,83.30728989863057,-20.511917341786972,-0.8963367108339713,53.311367380560135,71.8643587705629,21,temperate,DE,0.5833333333333334,48.149606000214845,48.149606000214845
oaq_ES_40,3.235699115299215,0.08587176112454269,31.300030477184823,28.51748665969982,-33.700426749428544,-0.4813371013411532,40.33095102745506,73.12763597501777,-58.8785046728972,0.0,33.33333333333333,98.8785046728972,21,temperate,ES,1.0,43.360650000019646,43.360650000019646
oaq_ES_42,0.0,0.0,,,0.0,0.0,,,0.0,0.0,,,21,temperate,ES,1.0,41.4630919998968,41.4630919998968
oaq_ES_52,65.37324950782204,1.8760652076522457,25.040331776072613,-39.29109015243685,-2.4211675954333574,-1.515188362017759,21.812115349716446,50.45379798736854,-41.984732824427475,0.0,42.31660231660233,83.53797636240387,21,subtropical,ES,1.0,28.380348500238565,28.380348500238565
oaq_ES_78,26.842499020700334,1.3771943886723261,15.561299406570106,-11.745621136694211,-9.212816755122736,0.8039370801960997,20.952170913026574,30.16498766814931,0.9584664536741293,0.0,0.0,1.6286644951140006,21,temperate,ES,1.0,36.183859999858726,36.183859999858726
oaq_FR_64,0.0,1.655815191082481,47.37673326015714,43.67834595833497,0.0,-1.680387062873782,50.82552369932995,53.967879977716294,0.0,-5.246350364963485,46.50579361621364,47.34153695372025,21,temperate,FR,1.0,48.89152700006953,48.89152700006953
oaq_FR_77,33.365525867910335,1.9584447568608154,35.75466934685383,-0.9739447736785678,-10.996423390036645,-0.39107652164510476,32.70700700231347,41.08105841623796,2.7249134948096785,0.593575418994388,39.16403231471727,51.554254512780865,21,temperate,FR,0.8333333333333334,43.38228999995546,43.38228999995546
oaq_GB_102,-22.422434972970663,1.124862855782613,56.39546684838419,70.13231829470507,20.09717698971786,-0.04876478975814847,33.3575636827462,7.988292060570071,26.039453717754174,0.0,50.53211468636535,25.041084270231906,21,temperate,GB,0.5454545454545454,52.45545,52.45545
oaq_GB_34,51.027516438194255,0.688761490928509,55.27681484519707,5.09265582769325,-85.72595870268438,-1.4315615890200055,64.9834058721708,154.69294087173807,-89.5578551269991,0.0,83.44086021505379,169.5177250592728,21,temperate,GB,1.0,53.41057999971139,53.41057999971139
oaq_GB_4,10.280357639963746,0.47718912576511413,40.08951261202235,26.110451639313826,-14.955164925115653,-0.3329482619836301,37.45999681367686,56.02304708513155,-9.465020576131705,0.0,41.95379002837454,46.92182948383754,21,temperate,GB,1.0,51.4635245,51.4635245
oaq_HU_87,2.9651884154722237,0.7769405244733613,28.43133253679207,22.7739221124737,22.340149528283924,3.9307478950691954,26.1782734750215,0.44693438017247544,3.1116794543903956,2.690118986032032,39.0819390819391,33.87347713154607,21,temperate,HU,0.75,47.497625,47.497625
oaq_IE_31,7.409957930121793,1.2128845551713203,8.844909152887144,1.3986802363033997,-41.9910421829051,2.3730317329322324,16.523865099049882,47.2843495145395,-15.123042505592839,0.0,17.49981013138907,33.03730253571449,21,temperate,IE,0.8333333333333334,53.34177100011771,53.34177100011771
oaq_IN_104,26.742920857434285,3.3298444226095416,6.014020624938152,-26.46492324871899,-20.921869283784286,-0.12404696488707793,4.64507107656616,23.778668696937537,0.0,0.0,0.0,0.0,21,deep_tropical,IN,1.0,12.938539,12.938539
oaq_IN_84,-0.5273101518504495,0.970125419764436,17.53278587509346,18.958362457527492,18.99901629402144,-0.8828677224147099,22.28561299083331,16.85614511486666,0.0,0.0,0.0,0.0,21,tropical,IN,1.0,18.581775,18.581775
oaq_IN_89,61.1004138316841,2.1041166171364964,11.201022448545903,-50.532822313989506,62.20460157583783,1.966449262667085,33.33736691053744,-29.307100542908742,0.0,0.0,0.0,0.0,21,tropical,IN,1.0,23.0345685961544,23.0345685961544
oaq_IT_114,0.0,0.0,,,0.0,0.0,,,0.0,0.0,,,6,temperate,IT,1.0,40.47347499997724,40.47347499997724
oaq_IT_27,0.0,0.45874273559647333,15.85311598978686,15.85311598978686,0.0,0.0,3.9758364015680407,5.997922318778392,0.0,0.0,8.211678832116787,14.603174603174605,18,temperate,IT,1.0,45.5220814999776,45.5220814999776
oaq_JE_23,22.505149497103304,0.07229408278557115,4.568331580134984,4.931706681601364,-24.742032371442967,-0.11507863384272353,33.980939582254635,61.508632281118565,-4.56730769230766,0.0,51.252684323550426,55.344337351373674,21,temperate,JE,0.0,49.1906,49.1906
oaq_JP_0,1.5219081205739902,0.16624148096102032,46.768683502564194,43.95995566392471,13.340122288608256,-0.1859945125841725,46.8936880862888,31.381952402356546,0.0,0.0,41.99999999999999,42.25682175107969,21,temperate,JP,1.0,35.389167,35.389167
oaq_JP_3,5.347939314149828,0.5976385389046593,40.76895054817933,37.40772447737249,2.772533511793908,-0.747705485367971,36.09518210508217,30.221312865044588,-6.150978564771654,0.0,41.93707791138196,47.611710323574734,21,subtropical,JP,1.0,33.9343055,33.9343055
oaq_JP_70,53.18028272376983,0.12956919462747454,61.516288050802736,11.890840179533377,-36.49332838862646,-1.3588970158772027,73.57875402867911,111.22140206255375,-39.96325218190166,0.0,71.42857142857144,117.28330363693534,21,temperate,JP,1.0,43.062222,43.062222
oaq_JP_96,4.996146927340256,0.20596716312050742,50.90131123668371,47.104518628572556,10.85718332773459,0.15413382698156916,43.398318578518584,32.07012586303519,0.8004416229643914,0.0,46.66666666666666,46.38333936599456,21,subtropical,JP,1.0,33.1825,33.1825
oaq_KR_1,-3.6140420181207293,0.7392005944656342,35.381044107394146,42.24486036213717,-2.2369946597732517,-0.04131858052127543,38.545109539728166,42.865507111760905,-1.67835671342685,-0.7101174154538326,34.78260869565221,38.951897930333516,21,temperate,KR,1.0,36.51212,36.51212
oaq_KR_86,34.56711999032908,0.1257614726197778,63.57953897379108,29.012418983462,-47.38249618955745,-0.8980936398387767,77.00729395661588,124.37024715524066,3.1821753283196803,-0.1266825019794166,84.03472461768423,78.06490659726701,21,subtropical,KR,1.0,33.4838002,33.4838002
oaq_NL_10,16.035530804716405,0.1178689966989194,56.824804389829254,42.88294803874569,-9.502711643788698,-0.16741166545657873,63.827491938851104,72.87064658402066,-21.08553566354085,0.0,45.192307692307715,65.99671638616363,21,temperate,NL,1.0,52.17398395001287,52.17398395001287
oaq_NO_50,43.97571162201424,0.18140411177651453,27.084879701154424,-14.249892801033479,-47.78112559613916,-0.37267774916268626,32.09958440036185,81.9635384826587,-141.18942731277534,0.0,53.44978165938863,172.04997613515218,21,temperate,NO,1.0,59.919750000224326,59.919750000224326
oaq_PK_101,64.33068443231484,1.3109543570535833,11.542711378346581,-46.835277123998154,67.37808943262395,0.8069377127532398,13.681123772627723,-22.217968772061973,-5.311946145060535,0.0,8.763344675149131,14.564492305627386,21,subtropical,PK,0.0,30.197606,30.197606
oaq_PK_37,-4.00642635495821,1.0847666615891374,13.289915039345683,16.499529782857845,17.72827181986755,0.9998555256615466,20.99063605071906,4.813237221767565,0.0,0.0,0.0,0.0,21,subtropical,PK,0.0,32.205813,32.205813
oaq_PK_47,25.922195193130477,1.0743402693464832,11.76122365773317,-9.298952146188348,56.97917643663169,0.04658457499209802,13.922224760605586,-45.095527642009635,,,,,21,subtropical,PK,0.0,31.5145985,31.5145985
oaq_PK_53,23.550214625987145,0.5933305347663203,50.73236089468568,31.30141126108785,45.760076418827445,1.2323167786232183,47.16754772218933,-2.641071508151846,0.0,0.0,33.33333333333333,33.33333333333333,21,subtropical,PK,0.08333333333333333,33.6335684,33.6335684
oaq_PL_69,36.706010665119635,0.3721848893362151,17.76595876479289,-18.36334521696058,46.46937188173697,1.8738764669068608,12.267931373343059,-34.92490859973283,40.31607262945528,0.729927007299319,8.397497593840322,-33.58025168684188,21,temperate,PL,0.8333333333333334,52.207742000168864,52.207742000168864
oaq_RO_24,31.862933450478323,2.9608087198782793,43.65891730228448,10.095501473944424,-11.045884117270857,0.2028215818984338,38.35908274936662,38.56514222427653,47.874292095397614,1.5113350125944722,27.520740268028074,-19.222880939588418,21,temperate,RO,1.0,44.4341086998202,44.4341086998202
oaq_RS_15,10.811408845965246,0.47614821972259974,10.467685401501342,-1.596373289155145,11.558986236899527,-0.604707087653796,-34.00709450807207,-43.58206574891505,33.20807544945477,0.0,49.793615850302686,16.342563733163423,21,temperate,RS,1.0,44.789792,44.789792
oaq_TH_98,26.314731165037514,0.3884901120566301,26.78023154311094,-3.240237757515004,-50.07425922844077,-0.7265059672089309,23.02991212711323,68.86754200086422,19.505494505494504,0.0,55.76354679802955,39.714711379260294,21,deep_tropical,TH,0.8181818181818182,12.73518333,12.73518333
oaq_TW_8,34.08003948644988,3.400214433536694,41.30409897525863,7.79895291372992,25.099091579588666,1.4668463658823967,45.7361513958744,20.42618207428422,7.6125724476148,2.0959147424511486,55.781007894931,45.86594432695846,21,subtropical,TW,1.0,24.162196999999995,24.162196999999995
oaq_US_111,0.18391195650365352,0.17869581871284357,47.231341408872886,46.286931450799564,-18.08516521250651,0.22872215689297767,52.43778291325491,68.89115176509182,-17.868263473053894,0.0,67.46738357749189,87.39553859177911,21,temperate,US,0.7,38.23401,38.23401
oaq_US_36,21.844170804886453,-0.18286000703584487,62.107219583321054,39.00933171830138,-29.864782464201056,-0.48297181358838764,67.47725447443416,101.0816601559585,-114.15797317436655,0.0,76.68754349338901,192.34335222664095,21,temperate,US,1.0,39.03737719994072,39.03737719994072
oaq_US_66,-4.087645800523834,0.3230985766783554,43.5648016411159,43.03115419238417,-5.235722694826837,0.0851370431312642,49.61248753344208,54.84821022826891,-8.61195542046604,0.0,46.92365835222978,81.29993507753885,21,temperate,US,0.6666666666666666,44.063916,44.063916
oaq_US_7,-11.059428279058515,-0.053418665249447994,76.24899990869324,87.54660000788445,-14.25387896323542,-0.06308496678830573,81.9726981313246,95.94548249454824,-26.878556013341186,0.0,76.49605690428328,103.37461291762446,21,temperate,US,1.0,39.93643,39.93643
oaq_ZA_105,32.022882878209316,0.23661079378420038,,,34.39022453210277,0.9041350280650063,,,2.41545893719807,0.0,,,16,subtropical,ZA,0.7,-26.68674,26.68674
oaq_ZA_106,0.0,0.0,,,0.0,0.0,,,0.0,0.0,,,10,subtropical,ZA,0.9,-33.913833,33.913833
