city,dem,elev_m,relief_10,relief_30,slope_10,floor_rel_30,enclosure
1078,GLO30,8.790500463264577,179.93470769759932,175.97560378263677,4.213475130255208,6.723745098971984,3.0
1058,GLO30,215.4373250158072,46.5036136665768,69.00099263496958,1.8133500374981963,16.944958977330288,0.0
1504,GLO30,757.8111290564904,363.7328833163351,2623.567775451051,3.582291257539961,141.50718190877262,3.0
1383,GLO30,73.76028521931002,100.0000673895891,520.9963079333089,6.244477441752339,70.57021877411346,0.0
1067,GLO30,12.453932847967652,10.558462755427431,9.997591163721664,1.216212725051652,11.080045386747916,0.0
1063,GLO30,576.8954876534434,84.01758396094874,118.99456122997988,2.371141376297681,78.39300194341939,0.0
1677,GLO30,1552.3161819753884,116.0366847235241,519.838425698596,2.040688809974449,180.2367445358002,1.0
1507,GLO30,173.79057050712882,18.500536599432596,105.80377268382566,1.1867370002878013,10.65814478560668,0.0
1667,GLO30,537.824954017277,463.6793400361379,1599.839632054283,5.740080805848059,161.7284419918842,4.0
1653,GLO30,74.34533183456132,193.9629121796021,183.95924512582567,5.053199940129529,65.34020787461638,0.0
1733,GLO30,5.709778626759847,38.75086395956118,64.00014898281725,1.3027293424281547,3.459021909372928,0.0
2063,GLO30,18.6374735160162,51.92627555305362,46.97874904073924,4.052711958938996,15.134089370041512,0.0
1802,GLO30,266.5646629333496,527.6664754586607,1520.1469121241512,9.551134973338293,242.6494639858699,5.0
1816,GLO30,7.193822864995815,49.03617482203256,276.7656430408324,1.7839649809812208,5.998522007650644,0.0
210,GLO30,40.75273943568872,420.2043432348957,436.0888629580237,9.101376164438271,38.78126985147042,4.0
2106,GLO30,5.408015667406334,7.984549414207971,6.487459011100914,1.3129976849960008,4.522847585503615,0.0
2146,GLO30,164.09442198001148,23.5022348494,38.07879191104109,0.9094863436146874,2.677747373538097,0.0
2168,GLO30,503.56311974158655,703.857360229955,928.0569315637104,14.65681511055765,-36.41660440780527,8.0
2115,GLO30,325.45482598238794,895.3873009635824,703.3770186542157,6.382413034816081,32.712011109505795,3.0
2328,GLO30,17.55868757423635,248.77372530004908,397.3184492613351,5.474889325270855,18.84361842380368,4.0
2324,GLO30,1212.7874755859375,103.05415543493314,99.99152438000463,4.5207142302028815,86.2873344096813,0.0
3147,GLO30,48.33173424857004,200.0427253312236,575.9621716817311,7.117531623586878,22.349706536979895,2.0
3133,GLO30,9.18015984168341,13.24813767786553,11.827518466585646,1.3648944209493838,4.12577416906635,0.0
391,GLO30,301.34714446980075,180.13633994983326,198.7420377241077,3.683274445222581,33.09709457352312,1.0
405,GLO30,566.1347486176162,208.01795893014852,1790.5328584591894,3.1348350199529285,108.36537709411016,5.0
406,GLO30,72.20404417881308,360.2330261735242,364.46682572633534,7.688626473195105,70.57307870878877,3.0
67,GLO30,13.97069612436866,76.93308849612484,180.83065645059037,2.5933503935025426,13.788454014703037,0.0
403,GLO30,50.38806387094351,107.93869975621276,97.94445377502409,3.493578979793477,45.85678263709394,0.0
446,GLO30,1480.7193704269898,1112.0257397152927,1535.9438327410942,12.416996736160892,384.8218551433004,8.0
758,GLO30,1.9215635366882735,81.63607619131561,68.22289420336246,1.525707416022751,1.6422715752595407,0.0
885,GLO30,10.344117076000323,45.99581979927901,115.01068672133616,1.4086352599863656,11.849410969988046,0.0
88,GLO30,8.685602125352817,91.80960231023904,211.98188475852405,4.277776044428575,6.684075082878847,0.0
921,GLO30,29.545498657226563,66.00415102738692,254.03084239969252,1.76765562159211,20.55985995725225,0.0
930,GLO30,17.971671141309645,25.500055231639696,25.868010068625985,0.7853394513326756,17.969668977478293,0.0
959,GLO30,7.862886826129392,511.7441025599172,387.9195380297164,14.32282297773098,1.7626287398873446,6.0
1827,GLO30,36.60845803163735,46.01509879060529,102.07969867920914,1.6000258318742953,34.176412306844874,0.0
city004,GLO30,6.68156006830319,9.253610069916366,8.727350146471759,1.8056046202442773,6.671191815973561,0.0
city049,GLO30,83.16200792244568,80.10722556816219,173.92508617722447,4.424764168117246,8.090416179463475,0.0
city090,GLO30,3.4283066248949488,6.985406400130145,6.487730818478736,1.3617138488098846,3.5438318350513303,0.0
city044,GLO30,50.80786009713363,19.993165381263942,181.77116056499156,1.911480730726208,28.65621317012304,0.0
city123,GLO30,35.87459968696921,161.89154289480896,140.02621267654686,5.961657986221561,33.909365561070935,1.0
city143,GLO30,500.07441045434433,29.004964466662383,99.78608943589136,2.093450151058867,25.93949766600963,0.0
city203,GLO30,105.85672433035714,371.67441920226486,499.51162144303726,7.4531803349984465,83.37758341642703,3.0
city251,GLO30,73.6926982205966,20.4849891213009,327.9367978423775,1.48778970372778,23.664397695051733,0.0
city216,GLO30,34.33509953816732,303.9961174564087,323.8223876092573,9.930799141719037,28.180546008416364,3.0
city314,GLO30,168.00003758724952,339.0212149440691,379.9544269538905,9.75703608580099,-18.054530426210448,6.0
city283,GLO30,411.9527357697793,82.02477628444052,359.5148517181175,1.973397766013928,39.660380485045664,0.0
oaq_AT_60,GLO30,329.2385972770275,108.2489727994844,440.1619506857747,3.9498227197832536,79.44253522984809,0.0
oaq_AT_95,GLO30,360.5569662435016,267.798973478902,671.7584168354763,8.122059360636268,52.35104064221764,4.0
oaq_AT_17,GLO30,212.43363571166992,269.8985621146986,323.9666054163647,5.850293048401956,58.47794980269808,4.0
oaq_AU_100,GLO30,167.69325041129534,278.1632801771058,607.9212295410623,5.805489629218563,123.57874258624932,2.0
oaq_AM_14,SRTMGL1,1118.0,503.9004096878234,1311.9799672220934,4.945997918110104,290.3726227018127,4.0
oaq_AU_45,GLO30,19.06468557711593,79.00351163117192,196.03196567500663,2.4696834911912062,13.180597961233053,0.0
oaq_AU_99,GLO30,867.3948593139648,847.945478627674,799.9083955398733,14.534789859283196,847.2641300915272,2.0
oaq_BE_6,GLO30,14.696564123210846,57.494850670992456,104.97212071451996,2.4792488507867336,11.177299283106574,0.0
oaq_BG_43,GLO30,400.27931270079614,372.0522556337184,1023.4456413205984,11.239576412919485,167.7739345211707,6.0
oaq_BG_97,GLO30,213.85370381673175,139.00210417287218,299.95527332366134,3.2140183809273832,111.77593492164374,0.0
oaq_CA_103,GLO30,51.38368173547693,90.9494550421905,216.1125409935254,2.8162538221265483,-3.473764353357687,0.0
oaq_CA_41,GLO30,657.6200938180117,103.99140303114577,125.0349234668364,1.9493191060489157,27.14293419024068,0.0
oaq_CA_39,GLO30,162.31202041086686,89.98951641370311,209.484612665514,2.055046666721001,88.81159904414214,0.0
oaq_CH_73,GLO30,475.3649173312717,240.29135756684872,395.7680241154418,5.906806877275126,97.18506607297672,5.0
oaq_CA_57,GLO30,50.8684723726651,72.64601606117971,52.06180308297235,1.982464765953397,39.94893715773863,0.0
oaq_CZ_113,GLO30,229.38191468674492,631.8796855783507,619.9173963291182,6.956227704902235,51.2700694796992,5.0
oaq_CZ_75,GLO30,330.8596683141043,187.9774966494904,274.0303654254034,4.922353779634911,157.89179005811596,0.0
oaq_CZ_109,GLO30,272.8523507733049,110.04592258390974,400.11219106636497,3.850156596024904,68.96699730564808,0.0
oaq_DE_56,GLO30,526.7393299449574,92.96724735310528,197.97884546616396,2.358230820343951,51.7289474236249,0.0
oaq_DE_35,GLO30,54.62058212948482,26.979866527528515,46.98539817305489,3.410865021268397,22.12008992612484,0.0
oaq_DE_48,GLO30,19.633339205083768,35.712605692289245,75.15869959213128,2.6268318024622803,19.292434277518645,0.0
oaq_ES_42,GLO30,138.207532007154,308.03283392664054,616.5966808872951,7.70889647336362,126.85351830083484,1.0
oaq_ES_78,GLO30,19.107128143310547,177.9932227699463,451.957210298977,6.606725147272868,9.08470047947288,4.0
oaq_DE_108,GLO30,87.9358975843071,43.09560345478037,127.99807123512088,1.7435334890948555,-1.0477182827339249,0.0
oaq_ES_52,GLO30,154.62340393066407,1536.313159043487,2160.0595039856653,14.271790796467936,82.80220949717432,5.0
oaq_ES_40,GLO30,73.35544221297555,187.9290376647793,399.9962994584927,7.017851082986332,51.381043273498776,1.0
oaq_FR_64,GLO30,72.23181243796635,68.9785621143734,137.00545930332694,2.914350252111508,41.74306894875132,0.0
oaq_FR_77,GLO30,357.5384336864675,435.9169505922241,552.2162222078791,8.480127312699222,337.6713298006956,0.0
oaq_GB_34,GLO30,31.442115909557053,68.01472099855351,439.83137143855765,2.454363406089419,13.30296967713636,2.0
oaq_GB_4,GLO30,5.683410044552402,54.97108403087421,157.96621558942664,2.689301232387071,-1.349895052573569,0.0
oaq_GB_102,GLO30,145.37498092651367,103.00559644743976,125.94098104833498,3.132372818204089,94.34490930256746,0.0
oaq_HU_87,GLO30,118.5425763423306,259.8008463950082,287.70316827731784,3.805280116073856,20.289673809032408,2.0
oaq_IE_31,GLO30,15.64355485083485,112.079551103857,460.0056698506767,2.400727691635705,1.6285541593487045,2.0
oaq_IN_104,GLO30,920.086180021842,100.96946147085193,189.98499481143503,2.664827312576356,185.0716657908706,0.0
oaq_IN_89,GLO30,55.40636724959125,19.75663545999437,52.003279667056674,1.1931800284461975,29.150673158463523,0.0
oaq_IN_84,GLO30,557.5792995940435,76.98123613650932,347.8596263286164,2.7801657489221903,7.467621507987815,0.0
oaq_IT_115,GLO30,0.9655204778444944,319.299281984881,992.7844502545668,7.610955966721595,-2.19770517441026,3.0
oaq_IT_44,GLO30,33.200862074813706,294.0205801035844,815.6501539256375,2.8135141472961496,20.827521189661603,5.0
oaq_IT_114,GLO30,31.651143830870588,51.51453834933791,70.51637877775416,0.935373752226553,23.40210103551403,0.0
oaq_JE_23,GLO30,16.61474343237196,101.97446978764668,101.92552740553334,4.2595219468354,9.061673808006368,0.0
oaq_JP_96,GLO30,101.3045345884744,384.2583230689007,680.5389193666522,9.942574796420692,89.71074512784513,2.0
oaq_JP_70,GLO30,19.07081550795448,239.8849577143805,870.2377049108134,3.708616028405383,13.348776966779097,3.0
oaq_IT_27,GLO30,135.8096784775287,69.5021343478774,239.93781051086975,1.9514446663436589,53.75847325036089,0.0
oaq_JP_3,GLO30,7.558498859405518,63.214544830623325,276.0745036714709,3.6482976849131896,5.558899645396719,0.0
oaq_JP_0,GLO30,325.60290145874023,928.34345661921,1232.4869327878205,20.633688558833803,302.2147587318184,7.0
oaq_KR_86,GLO30,117.6171131070895,767.5363248228382,1015.843598606924,5.399638748023409,97.54949400139992,3.0
oaq_KR_1,GLO30,62.74565691943823,189.82171945126692,303.8877969200212,10.136665342198192,40.63291310782975,4.0
oaq_NL_10,GLO30,-5.777309496431034,6.498764662982481,13.968442264729545,0.8144646956684354,-0.5522104127119887,0.0
oaq_PK_37,GLO30,229.89449365734265,7.870595376474284,19.74703457265093,0.6744678709876732,11.767244616300331,0.0
oaq_NO_50,GLO30,26.38862005869548,343.8118666578445,440.11995647614015,7.281611085228058,-31.62041651605922,6.0
oaq_PK_101,GLO30,1655.5501831054687,711.8727878927205,1159.7501415664242,7.850830844488686,99.3452693021361,6.0
oaq_PK_53,GLO30,511.3484634301392,97.04368160395131,679.778856075201,2.240421971583181,75.25449442615627,2.0
oaq_PL_69,GLO30,90.53495818221307,32.468408514949886,56.49034867442008,2.0144385656326014,11.284988197137425,0.0
oaq_PK_47,GLO30,217.32186101309284,14.988967917110216,19.501759131832216,1.110075019670729,15.198862541812332,0.0
oaq_RO_24,GLO30,84.82738074915984,31.07291723134943,63.50618447609475,1.587266005350329,35.587346371864975,0.0
oaq_RS_15,GLO30,103.8737865520638,162.53523800051272,182.04990362620657,4.096002730475978,34.94008548162442,1.0
oaq_TH_98,GLO30,25.216715275755785,98.05348063672842,151.90358195817333,2.835286186644608,19.12782299768676,1.0
oaq_TW_8,GLO30,109.94043292938328,295.968375508275,912.0757227935808,4.8343761693944485,102.21284542930724,3.0
oaq_US_111,GLO30,142.09512834159875,45.99065824164366,131.97848829295057,2.100274157946102,7.564341808254625,0.0
oaq_US_7,GLO30,8.051167011260986,82.3211641284261,126.47548339094368,2.1075127406775565,7.532826027988668,0.0
oaq_ZA_105,GLO30,1461.1750868402416,83.94538507545235,138.00664782115973,1.4543488836987413,30.202634983880216,0.0
oaq_US_66,GLO30,1101.0945663518703,213.8551351572189,911.6808423096112,2.9032752266544883,168.77709863503912,3.0
oaq_US_36,GLO30,39.95412999933416,113.00737989835602,138.99290775062852,3.774199102667764,22.45862669439172,0.0
oaq_ZA_106,GLO30,35.03425534566244,209.87536044619685,303.8642672768245,2.185085602147445,22.813533274379875,1.0
city091,GLO30,789.4350430516001,213.97404997135263,752.2585043406182,4.037055164773522,17.78058388924933,5.0
city286,GLO30,1078.5307290385088,223.973021637501,387.9804538315896,10.686816173083695,0.5029548423622145,4.0
city309,GLO30,106.06049035279968,46.51088804558592,162.016606401851,1.7555672624535137,23.06232000959139,0.0
city051,GLO30,27.62515760251173,26.378771650866423,263.55443597385056,1.9113288975010967,13.14141238843114,1.0
city265,GLO30,6.935271987521191,12.28768487455434,10.242896316496106,2.0594750518555545,6.299417005723942,0.0
city155,GLO30,7.208586573600769,36.13178345106624,12.240197239474911,2.693300363565884,6.545673898064797,0.0
city186,GLO30,15.0,22.245495333387986,32.30372218285727,2.025073866323628,0.3371496135855629,0.0
city074,GLO30,30.316812740417998,25.004372717532547,57.53564943078974,1.2639973142241687,28.82572187270202,0.0
city088,GLO30,32.13306496360085,129.89899293439143,191.7532512640302,7.258540590722621,29.805407227124064,1.0
city327,GLO30,225.93330289065355,41.00171233305767,93.9736149548872,1.959141160009934,34.89564020291499,0.0
city073,GLO30,137.0571622615805,60.72694348956169,73.03831473937383,1.8179173036611305,22.34617602152683,0.0
city158,GLO30,1894.0602443007167,79.89400347774927,445.9887219520381,2.6283490868757515,8.084605129859938,3.0
2095,GLO30,4.845479225745167,26.491971575261193,45.49964053198894,1.2525152745632016,3.103568695955491,0.0
