city,ndvi_100,tree_100,water_100,pop_100,built_100,nres_100,ntl_100,lc_built_100,lc_tree_100,lc_veg_100,lc_water_100,ndvi_300,tree_300,water_300,pop_300,built_300,nres_300,ntl_300,lc_built_300,lc_tree_300,lc_veg_300,lc_water_300,ndvi_1000,tree_1000,water_1000,pop_1000,built_1000,nres_1000,ntl_1000,lc_built_1000,lc_tree_1000,lc_veg_1000,lc_water_1000,ndvi_2400,tree_2400,water_2400,pop_2400,built_2400,nres_2400,ntl_2400,lc_built_2400,lc_tree_2400,lc_veg_2400,lc_water_2400,road_major_50,road_major_100,road_major_300,road_major_500,road_major_1000,road_medium_50,road_medium_100,road_medium_300,road_medium_500,road_medium_1000,road_minor_50,road_minor_100,road_minor_300,road_minor_500,road_minor_1000,dist_major_km,geo_n_stations
1058,0.31543460007169494,0.2745155274266281,0.0,158.9894575686382,35661.561979818034,7143.5239210301415,51.42902103524741,0.7550301750619209,0.15978629801096936,0.07440626246428367,0.0,0.3221184826752002,0.17614377557990057,0.0039225842193535585,159.85268688979468,37770.78432800729,6973.653616623181,51.639557913168765,0.7174598927092143,0.21674743845688202,0.05939839595554348,0.000477732065376225,0.3278990775993499,0.28106908232297273,0.0019816724966853416,192.73105454487632,40244.161385395295,6649.154580566242,50.44287378276223,0.7101179629088227,0.21768878023243765,0.06462017987087441,0.0005455796154836249,0.32868061893415995,0.37162696703678116,0.08495564506802973,219.55495458673707,39146.993560299365,3985.70615908791,48.63838555450001,0.7190775166895581,0.2118022546433049,0.06197335871804258,0.0049812488492189,0.007337792052046275,0.03592882607687939,0.21509428415585166,0.5931318182834582,3.2101757760470284,0.04326687150545045,0.12421533457153006,1.4080182539085973,3.052263255989994,13.02975470190283,0.14880777151434785,0.48713516408019747,4.810152649267761,13.258061156720885,51.82348545540245,1.001877117167049,12
1063,0.34822984507117827,0.023042143811492572,0.0,97.49466263251918,24286.40437309476,1114.0204130936136,28.954944498009237,0.5782151469318101,0.2217819013552714,0.1668025612960641,0.0,0.34393978795516045,0.1604762501291349,8.656379762492499e-05,99.73923096498108,25243.933163961294,2228.6606674710165,29.27539125178237,0.5213330967020087,0.21320251190320474,0.2287648711174203,0.0,0.34335144335988294,0.07603659310694218,0.25961112048028884,105.42857047554043,27037.57402164745,2832.2591815268843,29.432277470858235,0.574410048821938,0.17192270580911642,0.22481164727134628,0.002410515940763858,0.33922187734894343,0.050586452898134876,1.6909657203188055,102.71472916907562,25277.059287357373,1372.1638173010313,28.611492978063676,0.5767185357991258,0.11999493173602517,0.24717260467125354,0.021588697827187975,0.04109351256263246,0.15425812435272648,0.6486792841989547,1.3929004500161397,3.9114670034574055,0.012594102551987391,0.06968885931711052,0.41943049973877894,1.367162990903294,6.422559393112564,0.08512578268812443,0.37069958206823833,4.137772722904455,11.642103729158807,49.85563908288186,0.6105730856326214,12
1067,0.36891875924748646,1.695571436148818,3.1496393662918186e-05,262.6626880788092,30137.463861583055,752.8564088250215,36.52198785275536,0.4401312620390764,0.443319718501564,0.11415721756653699,0.002391801892822527,0.3628594525957395,1.505501258010333,0.2942013549452915,295.9262364292059,34683.96821119913,1717.1629295543078,36.7177086010086,0.5290730551324183,0.36691127449634026,0.08637719523716778,0.014069559006931336,0.34946331656209906,1.7554506475789386,1.4965707638319972,335.42838722719085,41862.56290422592,2360.42243309273,38.22607713596533,0.6295466426030338,0.29872073228746104,0.049700773602098874,0.02148290301848402,0.32880041109844504,1.8938765884032278,7.699623554433052,323.820010569167,42654.3038417121,2733.6844922979953,39.61669922330703,0.6596749632689541,0.24317752513542826,0.024207720869610153,0.07239079028357744,0.008884025879017592,0.048129257317746754,0.3108667759492109,0.7799815773622403,4.745222152798075,0.07125701412212423,0.1395687222796435,0.943282261393145,2.6330040028890385,9.874032368432502,0.08483482648615522,0.3081830253140539,3.511454670030402,10.448778018232401,45.171886178284225,0.38875453360034595,11
1078,0.310906237627904,1.4026894130720333,0.07804844003047696,307.93304170382606,40845.209456158314,10276.388242631077,44.68099276723934,0.5588547774511092,0.3371719251473666,0.04865903634531738,0.023395625790280455,0.3088439599784643,0.8977782774999371,1.2161926047383906,333.59881257447586,40222.90122568444,6659.566662442244,44.085897507194346,0.5955676793220142,0.2575369014457592,0.09814246441180148,0.023252143954545983,0.3005895563673655,0.9687975148319125,6.905644924673762,347.5323227188787,39445.913535333646,4863.501081633867,40.19197294702,0.6006940340412791,0.23503841715770943,0.0677142489612413,0.08285073818648273,0.30312759427931685,0.9310703800014045,14.168293768803013,294.6595384291541,32458.12892359856,3967.736617716211,35.54006102669506,0.5485234017217308,0.18455080301386304,0.08705882239222189,0.15658811223407723,0.04422947917427378,0.1435549595273253,0.9949504891823078,2.493762597664881,7.123070079258105,0.0328075576590417,0.1472555503783982,1.075361585576246,2.8138925356123754,9.504457210241734,0.11211595172878096,0.47762756884207014,3.838996193273411,9.793439585098971,38.29010077833488,0.42183131006561103,12
1383,0.34452413118167535,3.2985707293548976,0.009935419771485342,57.6530513159833,47299.98697815667,692.227387564311,18.440560516394054,0.7922563368599418,0.10913128502332674,0.08942030807334263,0.0,0.34714617422218774,3.9166385181019083,0.8975416397343675,54.23353489883697,45040.49182138501,1174.7967411686284,18.170161953843394,0.7803770393894194,0.10782611586705382,0.08688411050557783,0.016245437200305683,0.35126569312435607,7.7836632184616805,0.4960009246588621,47.73154203998948,40669.087749070815,2047.5249500292891,17.99957662092601,0.6917756392331439,0.17659126170196818,0.11171774426993879,0.017310960801529992,0.37264601443654694,12.28112783748117,0.7253310741242031,44.1475221043139,38190.47991742104,1760.8803882885506,17.580605985070022,0.6234962057555266,0.218861746719202,0.1431153013022802,0.009470568271681674,0.019876123125491117,0.10365272283839315,0.6429318155965905,1.7317214921445896,6.027709679964541,0.007217455155997109,0.03813210949386128,1.0222265632209373,2.934165285482644,11.571680267153255,0.09726679399451728,0.4710179413605142,4.758020422409053,12.396409141424177,47.61717694140007,0.3012540635429736,12
1504,0.26981262883468965,1.2027669449129414,0.0011363636363636272,54.06277741519808,24954.976921476285,3187.6097000253717,36.80084522811887,0.6895529767864607,0.1346148515044932,0.16523825970321868,0.0020292207792207725,0.27459520132938364,1.621248442074535,0.0001630991557919727,55.711509614188955,24217.328417503413,2060.0515918723554,36.71555399429848,0.5704713930697725,0.21651696522657685,0.19630594017307013,0.0002149928420030182,0.2808293340253514,3.87520570173007,0.0003827142348674289,56.20636243849055,23834.23240612206,1520.0365698434907,35.466276937720224,0.5473323020516544,0.20887316964071562,0.22157296534910406,0.0006442197598870182,0.2832483102784205,3.864889272737137,0.040717977439757684,49.86068227364411,21072.945451614316,715.6838684082906,36.16506054922947,0.5160246025610515,0.21881183120118877,0.24523491842083417,0.0011817300411667182,0.013084964861405953,0.056807222137574505,0.2277203004390141,0.5658019876800476,1.964634576278255,0.03849468206782933,0.08642911413933861,0.9036089458798902,2.146780534272704,7.303356335484842,0.10679489774711085,0.4322332915191629,3.566897746874252,9.295937842693393,35.95155648585189,1.1777244897959593,11
1507,0.39403000648239905,0.01659899492951874,0.7567082061263846,18.23786130943675,16252.08999886696,2890.7828494955907,13.113156750873625,0.617510547007444,0.20915879284236402,0.14028749526290119,0.02749326145552561,0.3951787899218292,0.18012843347304508,3.0325679214231855,16.150209487665556,13147.694450412653,995.3270841353906,13.611499376271961,0.5170475076873191,0.2647862873918934,0.15723669164551862,0.046311994537213595,0.402193062991988,1.0197605612226277,4.19534315647404,15.747799214479974,11945.435897692701,680.1508446159714,11.255069414800221,0.4243781000970577,0.2770092476457091,0.22507195483545495,0.060846590158721035,0.41595077693070426,1.7358906133352572,5.66505501585739,12.131440248243571,9312.228314429833,182.95908326281864,8.85148553760266,0.3572981239192746,0.2923541432645849,0.28500157374279533,0.05789325396232403,0.0,0.09160057834246196,0.5976226682070007,1.1820442126812138,2.855888605629052,0.0,0.0077401507686361195,0.23616018108464826,0.8463291992166496,3.373855382573997,0.10517330896490515,0.3736057751575562,3.022211654264788,7.843435665145947,28.920361720257752,0.628593197649219,10
1653,0.31163787115787556,0.443379545487803,3.312838244746517,33.51781690481412,17965.44554612782,2655.3822808073223,26.65646723661405,0.6199910641501566,0.13709008634747746,0.165714257050467,0.07504815253815648,0.30893328942859843,0.6922049291999388,5.272992410172231,36.54835725700652,18795.18892398615,1972.8385726978954,25.505672175749986,0.5408939090243734,0.09838818032693934,0.27832144425771166,0.07827438290668945,0.3179148062781657,0.38381229621953084,4.5708001466525205,26.463097994623514,13138.571603764032,952.4416185571014,22.63778017484956,0.3914582380615323,0.10216718209529838,0.4361562111549196,0.06408780623983082,0.3129238419728212,0.24370900958756975,14.325138854360208,22.321683119829952,11792.814233516687,1343.5180112059284,21.11578547749658,0.3369586931983885,0.06412092317566195,0.4487173130259722,0.14538737889831563,0.02159712644911855,0.1694782514181598,0.5735891513016013,1.2637920780578478,4.115468763160473,0.0411663764855679,0.12225305491819598,0.6373230062936507,1.5462345916218485,5.556470905379116,0.12389341425670293,0.42459578081813626,3.621469685359952,9.058296286559031,29.976404270330697,0.6215191938186643,10
1667,0.23012455604195228,0.14963173061340115,0.0,72.89077370990539,27531.826929921317,1326.111250545772,53.814144887774006,0.9053625420489816,0.05058149940179277,0.003387418446397609,0.0,0.2290438137737442,0.7550248042659417,0.0,63.39108145653965,27178.838950985417,2560.3740661498578,53.86572226585367,0.834933945127722,0.09983119338565362,0.006547740093941028,0.0005203257490959818,0.23200151352320264,0.7132537822612961,0.0007718331379588692,52.870392415454965,26177.3431198606,4109.610920455996,52.28253478081402,0.8086202651871713,0.0861158074236845,0.005208879028295555,0.0005275209353303455,0.2608552333265317,3.5235513296688183,0.005723394262604276,48.41736706012673,23641.70284926278,4265.487800858763,47.280988874728976,0.711938827588506,0.11904782921627464,0.009905268947757227,7.880742302878182e-05,0.025770628034478108,0.13028338270281237,0.8321167182601069,1.9289016330215154,6.373244122099485,0.011974296787195417,0.0923104030837668,0.7463105547035146,2.5518699070363504,9.972999707220696,0.1493209055088774,0.6650429978402845,5.505146625128809,14.597226555781049,57.9023708569249,0.5316004140428446,11
1677,0.21147763838708228,0.02054321555990331,0.0,104.12019620119815,39686.88575074789,3093.928417549988,53.39079906310307,0.9222894980659395,0.07184573652467678,0.00586476540938362,0.0,0.2135796550693224,0.01227991487830951,1.1983163614706878,98.93905715757646,39183.53700946029,2495.810469578792,53.33732649829157,0.9068292727704442,0.0493935052788317,0.01720646191243212,0.025000900825155832,0.21358190319076523,0.10166099456311939,0.5566505884135562,103.95968811163996,37067.77652365783,1394.8110102795038,52.35346451481372,0.9086186448983418,0.04439391118724675,0.02673346554778171,0.01194522851480391,0.22649346632302475,0.27674328396644843,0.09701605737053089,87.18855296030897,35620.13887496621,1431.9318635040368,51.30701702120094,0.8855771512336409,0.04827566467685905,0.0539117029060841,0.0022268399234751197,0.03525025622678895,0.09823045104111668,0.45579832816416443,1.1083060120862198,3.7466250897293185,0.03561141275365605,0.16314172607906996,1.2283337729898947,3.1659152396398413,11.39246908779843,0.11112992364229335,0.5665551726229997,5.58521523056126,15.031347790603306,60.14512206067839,0.5428788894859996,10
1733,0.21157878615749157,2.770001937432767,0.6301969508548054,111.36690719816808,43774.437676522386,4606.1309912496445,21.118197646594552,0.9331931192289643,0.03980795125039835,0.003027384175605658,0.023971545345031615,0.2074888238462964,3.253371446271453,5.131923743649239,127.67003394381022,42795.69868029524,4659.770021806558,20.453972778782642,0.880831772007801,0.044113302377994774,0.007719915189943148,0.0668515375963498,0.21041943943022437,4.506250714956049,4.545218012062882,138.22166761480045,46648.639858470306,5168.222060108569,19.700032522688687,0.8455558564594577,0.0562466869200087,0.03444472809550824,0.05438438986784142,0.21403065801089316,5.351235082807772,7.711839815407843,138.8569156029562,46186.6692997723,3787.2151305644497,19.186013782608963,0.8208588474515041,0.07358249679985936,0.027019733799333336,0.07254932678582428,0.03663213615888445,0.15497775134790012,1.1075050177022978,2.5634545912690476,5.8426395944883405,0.025456680689097264,0.172609199794073,0.8446378522533796,2.154463813030729,7.91487676613065,0.11406868708567537,0.4516092889548748,3.6725153888558832,9.386642438365726,37.28721932691983,0.6022665414809923,12
1802,0.1318990898322257,0.0,0.0003636363636363625,169.83553990057982,39287.65229308172,3310.3159157287564,72.7483324981254,0.9507659401819536,0.02842283502660861,0.0,0.0,0.1307160733771146,0.00641754665109695,0.0013045900901185125,169.1291558505639,39307.694391041325,3377.1469564013405,72.26365015972172,0.9235017821556816,0.03355900088373978,0.004082575148285913,0.0,0.13012992006594695,0.003157295751688775,0.12375419947946589,159.29987593185322,34980.040170339176,1995.3587459259534,67.92758092002552,0.8692579195602236,0.016713198851456085,0.022519436499217674,0.0009787964103466374,0.1289615250543377,0.004459096851258637,0.18107959545103244,143.17639508187443,32105.627646774938,1333.26754448942,64.28552208900159,0.7802952568352755,0.0069318244274317745,0.04712137107229505,0.0018445198592257374,0.039995773608136574,0.10086847936871603,0.6175678554413009,1.6673513166614427,6.038735962394397,0.11223706354857833,0.33980172936960185,2.1935736620865,5.575094226436679,17.49304789510673,0.08839888972766026,0.4345959187919707,3.9084876300165736,11.023113760655402,46.31369337509617,0.601155143607538,8
1816,0.27402741674493986,1.9078171457687496,1.840860688005727,195.9927579021253,49661.649826580695,19962.686236307127,38.62040838079678,0.6465898720815867,0.27465360928659044,0.05067931066984618,0.007495222169135209,0.2728718740553191,3.1505753039487643,4.421264925093777,172.5460646516374,42581.1009982014,14125.759854062739,37.823265102558665,0.6049964830877048,0.22627547042448545,0.09144749502436696,0.054350030129804515,0.25578911437765267,2.3716668482941534,5.111017425660024,186.1897592513892,40970.56902575309,10527.937483017666,36.38011239217089,0.7528024930925646,0.13732222781001144,0.05108481602165691,0.05022620812458181,0.24321697259492206,2.510512496576074,11.967969685198513,212.4294886879214,37280.57042103828,6343.582541599695,33.10379175213999,0.7624455056559385,0.10463306806203666,0.023388209653273248,0.10441218943801368,0.07865918472537682,0.26531444006583155,1.3604194226783886,3.6774168322257097,9.547668157108708,0.09202365763527194,0.23560978846899416,1.0124992745030448,2.5377350663098874,9.253529907909806,0.09053325194703575,0.43075481362041596,4.479977685777558,12.393231393470733,51.46303916106557,0.16934231325358093,12
1827,0.16108266279191025,0.0,0.0,566.3523762851676,45815.75175572056,1041.1016122818032,65.83951314425373,0.8773250091956818,0.08274627551615814,0.007248862040699325,0.0,0.1609004116391506,0.005436552237417434,0.0009932028594866916,545.8824837036854,44557.04219265495,1741.5107270502479,65.14376627328058,0.8928483538210193,0.05655727591438315,0.009990734721294374,0.00024711601079169997,0.16255530095203904,0.13170154357966243,0.868560346616515,515.2441963801433,42614.35864423775,2731.2770026761477,59.88553695260591,0.8794327752695331,0.02338195401897249,0.030340757092097447,0.0122272913132236,0.16620238144095265,0.30528027555216486,4.098148853498839,461.19850282778617,38671.845477392104,2302.7428619079096,53.13320401282807,0.8127478426791962,0.020406709760791883,0.031066985545905368,0.04528980193915156,0.026065401360688148,0.08528964062173348,1.0911472875103885,2.425095789537209,8.085075453548043,0.080168416666215,0.17593579677900265,1.6057844429029775,4.039292184963835,15.101087798554607,0.17334791621687362,0.6757695944033286,5.6112322664223635,15.656385730000764,58.48571455153701,0.24186434119660552,12
2063,0.4484934168209745,18.49657410061488,0.02165769122641345,108.61463440295638,38810.82064451265,6799.716325630907,39.43827039273617,0.6081704724926942,0.31241586240653074,0.039024692889936714,0.005272952853598,0.4476382203014593,21.15532442179203,0.016252788629184865,117.85062214331238,35940.77024259491,3883.740671676465,39.415710699445015,0.5847935015019448,0.3629870653523198,0.04123200976407375,0.0010933319658311834,0.44410275228482354,21.699171875926584,2.1976584028264363,112.69517738658293,33572.62804608589,4193.112706222191,38.55380070117324,0.565950364091735,0.37823807915828866,0.027303906724352317,0.026190150356740882,0.4358754840613341,22.43927103295364,9.728688073572688,113.3722910571247,32450.39460502517,3885.7274464173747,40.82484437894489,0.5210053186173104,0.3703267442489098,0.03511325074080185,0.07355468639297799,0.0361833949560019,0.12303538842013655,1.630964113550787,4.329659071073158,11.745680471658249,0.0,0.025565882583258186,0.3311545742809369,0.7886907676474175,3.740660321915694,0.13667437671101057,0.5744836429801408,3.5839384670463637,9.153798752410166,39.34540219749656,0.33901409052911635,6
2095,0.18123350774015348,0.4557275053189765,0.0,170.4164241255013,38193.450179669235,2005.4221132112532,32.1272812074078,0.9688180952973635,0.002477020413035692,0.005770951877916617,0.0,0.179913439158047,0.42136829841183104,0.7311881043742009,178.5682192943826,38855.81469174384,1596.3226951737413,31.923160581828583,0.896115053501097,0.003911956845810017,0.06571037767915386,0.008390498914682442,0.18215436337045696,0.4585493713520323,6.545741624885141,151.63019544138427,32077.650036212803,893.4992465280365,28.09097496530377,0.7479540125300804,0.004474200806589266,0.12612688180393813,0.07163260714138568,0.18863547113143495,0.5100750183324867,22.431002000215027,110.86300673719033,23413.928442679255,640.9321104836314,22.81768140455704,0.5797626389873617,0.008553129116783168,0.15363775455823692,0.21195665171080236,0.03221499795296215,0.10543265385244015,0.4596444375094133,1.5720741368792506,3.9574426260953697,0.05921638196304532,0.16229427703424168,0.7604996866620605,2.0288839213136733,6.394462022356582,0.13136082349838354,0.6772454027082899,6.011064777584205,16.144763916255073,60.6532793971211,0.36923723575366146,12
210,0.29647929687912417,2.8829072078034983,5.751748016673392,60.880273634471244,53894.651452639606,4874.659313685755,89.48879259549791,0.7389485364177242,0.18870402583572887,0.01666935140187181,0.05461393596986817,0.29480235153544126,3.0330070883992337,5.1977953476006284,75.0431244464611,58999.89127809194,8094.498608815676,89.33931928181397,0.799011191327295,0.11710345483313502,0.02723235849012874,0.053500062960036225,0.3063821966645575,2.7407589169090585,4.248455828850987,109.93674225191675,67098.29582362299,6379.324335063974,83.87606951389779,0.8395444734049891,0.0953995284188104,0.019897855297227107,0.04440497658048744,0.31832093727417116,4.764724431331913,15.531197910103261,108.1730792012411,50377.674536356266,2359.2880600320573,67.92124621539405,0.7052924673547816,0.11646484716950763,0.027819625460586417,0.14735268900029894,0.019453484629073176,0.09185501786081568,1.2090921454706434,2.801844048353684,9.136388936550043,0.045518878081304774,0.15525759730527125,1.1744435105759685,3.1238158777676936,12.002627127876638,0.12721664715335598,0.4069492365446743,3.3178708990444794,9.48086740234715,37.24715904156712,0.18370958438281837,12
2106,0.3139648093325004,0.5477221195146914,5.082349789336961,93.37665432988747,38854.99270325556,4876.276206916898,33.03802476928698,0.7077672959395764,0.17785161359495652,0.07461462437804978,0.035643183210525065,0.30974485721370576,1.1606302295403064,4.483226997168838,98.39612200245686,40721.84951749622,6442.977833306327,32.27779100817103,0.704030537753685,0.16065555722164807,0.08292392309097017,0.04191939583620129,0.31413474697788035,2.8562218251126006,3.43255111269838,100.51586017524296,38256.32843920117,4371.649718327374,31.03147170855547,0.6887766679077604,0.19698449100800142,0.07127011819865235,0.03859618508006229,0.323698007998823,3.8308577135490864,4.296610920675999,95.1294573446004,35855.72865999354,3897.3262613598827,29.150983729337074,0.6942911020711166,0.2020536357834568,0.053659800392516395,0.04434551477660106,0.02680481267101378,0.13256775912797825,1.0570565655689967,2.091923998344196,7.268997956868219,0.022623157804420473,0.06278243877379365,0.5177662199852054,1.2553215225833767,4.816659650905664,0.17168345339003105,0.6746788664688336,4.60268226873578,12.420130597844896,48.33858043505284,0.38241183668456247,11
2115,0.5031423924870978,5.869758005836856,3.221441917401818e-05,26.1977852646002,11229.865048618438,96.0727513489582,12.35701644297444,0.40051185813330825,0.3543987546791209,0.2338541859730431,0.0,0.5012822450568022,7.782313756156456,0.00012507209626849233,21.38724896253225,9259.04448934684,122.30506176567424,12.543039071373668,0.3239215755486805,0.4119257576628081,0.256457645045294,0.0,0.5019791633847899,10.249075836693116,0.04315659709149544,17.67894952272516,8046.895361868387,360.6826613333488,11.851811111111196,0.2908303933299075,0.4130834968499526,0.2905289460406586,0.0020459992552099636,0.513258822753035,12.63714895569127,0.39095941064684364,15.177944611222081,7092.59529556132,301.5233412058203,9.364091679103804,0.25389107108101483,0.46780844062439003,0.2662725283076433,0.008740526216988837,0.0,0.025227809510889928,0.15829239988948143,0.9608115818179267,3.196277947983408,0.007993264136003809,0.016687323636787574,0.20550031557659354,0.8927140550020037,3.5038746046029017,0.125570057380189,0.42181345632775663,3.0995932575006617,7.504851343304904,26.796189308157658,1.709360632561787,11
2146,0.5183349416806026,2.1338597177590715,0.0015695107398567998,10.697956264387104,5114.480378816877,304.13978328280314,3.1384507928463594,0.29076688499306635,0.32530403821337944,0.3821525717358176,0.001776505057736411,0.516606516270994,3.7581387103482626,0.8771637631254613,8.496826078318412,4143.028721826788,151.59341940465785,2.9928858066323736,0.23293978948290128,0.3422804070111088,0.4038424553540791,0.018218894393878554,0.5178773409249015,2.9759821021585022,0.7751003590151244,2.728515120341771,1234.4215452193127,20.338026684698562,2.057511235378863,0.07069293481279854,0.29410177106605356,0.6198512428456174,0.01464838854465109,0.5153210669478917,2.9233620496531705,0.806409086142659,1.2326823125608763,487.82394254543993,8.12061167621642,1.4242874546683177,0.025883151202788845,0.25763715448114954,0.7024150909497365,0.011118446083296233,0.0,0.0,0.07957205837817888,0.3623952940518754,1.197165865547475,0.011787906428664655,0.0652192656721218,0.3188046197328269,0.5569295880882446,1.462895142968547,0.13038802743872133,0.32390119963206826,2.136327323417966,4.16690911402021,9.419246136925633,4.618639614374848,9
2168,0.5386016706949758,5.402309725815754,0.0,10.083451178798622,3232.7249035885343,53.66964650535153,3.301879235768135,0.24126589873504378,0.3863758447776597,0.3613413577033344,0.0,0.538688461922214,5.549519361762474,0.0,9.546211835835495,3023.797197499369,14.119795343927132,3.274787261039158,0.22547946355326945,0.3583542297482712,0.41247592178978215,0.0,0.545564185515718,12.305540534852563,0.009204621764868776,6.194630830105024,1965.4094181038565,12.400125242646235,2.7821495920292363,0.12540768434066912,0.3966172259144957,0.47742616362545354,0.00025728261132769166,0.566498458736533,21.190309420436865,0.019157785822386985,3.449531794892069,967.1974564357693,0.0,1.94648630042285,0.07750083850825894,0.4851479136777907,0.43683667013088173,0.000514577683068575,0.0,0.0,0.0,0.0,0.0,0.03760503407835183,0.0869366934255329,0.45475275098247486,1.0107823792658976,3.3828205872853023,0.07385308245825835,0.23683150733853942,1.8445979493812728,4.284972942381441,12.931388793119995,,12
2324,0.3669433876345121,9.35201958812169,0.03831062607959549,88.81806016081671,22773.70715728229,1017.9003979176833,16.176261396780305,0.5111635394380049,0.26542048220061454,0.18807023175674456,0.0050793507461001815,0.36379040696033743,8.452931974303853,2.1846103551580174,104.3390184489807,28564.088217938624,3123.602067977075,16.14564335243874,0.6152636838710118,0.22627336980660614,0.1085231814440018,0.035572207100404846,0.3587338972850568,6.915218201139259,3.5189387574280917,110.91433377331145,31202.826436015617,2673.5040969845895,16.735237249440008,0.7259251619852304,0.1694260144959528,0.05057755826636636,0.04358714328992633,0.34948465132474743,7.564834246672797,4.142586095888476,103.45389164256595,31439.573204109412,2355.3880447279257,18.375806436925902,0.793091497175687,0.1257384894766493,0.028719054449203897,0.04615695939567835,0.0,0.0,0.0,0.09684454240851217,4.272408836786554,0.017564560954363463,0.06908630210559118,0.3876733818927613,0.9930409571652317,4.9016875215826765,0.12371534041082292,0.3899232366860156,3.7380529020874222,10.650897927460285,38.31644739767623,1.3115864418603762,11
2328,0.34634878116463885,0.5417405837437809,0.0,16.492484142910588,18239.65398658049,7459.886349236595,29.03721462898319,0.6701359152776668,0.10988987229462112,0.21111905746250015,0.0,0.3436101991824916,1.1065097970200874,0.00011160227299425832,25.025163772436333,18541.88855968008,5392.927585454281,27.7958587466341,0.5850849440870215,0.1390300726630517,0.2636723634055626,0.0006065029192671584,0.3592069332684915,2.019853774061659,0.341166118216951,24.406420902162434,18631.380630538104,4186.823080668566,25.887919797157014,0.5893743382116198,0.16548957608029227,0.23143111700534905,0.007260096804931576,0.3777843640122464,5.796615724283058,1.4806423006758385,21.795947135411723,16976.797052257978,3248.571877113271,24.734068286959204,0.4912381396998458,0.22739458960908274,0.2506392789776218,0.02284705225849241,0.04454360659053888,0.17168211603619019,0.9341304215049525,2.25274631705485,5.710361279052154,0.06723029427287702,0.1647153890738616,0.9127670414334247,2.05395913376484,7.74621498058372,0.11852734709730554,0.4672404225976214,3.8970992215547704,10.632278601306153,40.83406565045097,0.8054419491290105,12
3133,0.34437395814347616,0.0,0.013081524956408942,141.76244942257753,24175.342909863295,1509.5131219338255,20.000464948697,0.7863589353529249,0.19885757648222244,0.0026821034720527163,0.00266720201904325,0.34221977821697847,0.25345333430941613,0.24457212922701863,150.85902831093964,25001.09420620161,1606.8591185856915,19.685650449326534,0.7243620762648847,0.1671866631085882,0.07663669853435408,0.016359066783349283,0.3454601622237741,0.3329604389739193,1.5672254698786563,142.95387112141248,22021.110071862437,1458.9567875702833,18.181453282972978,0.5959646692391894,0.19204372554471796,0.17630479555865605,0.028641973944294574,0.3555924070563093,0.6101816452267467,2.790315857995632,133.04038099112273,20178.9731133988,976.9352686782482,15.900727181851886,0.5358786435837369,0.2271725337075299,0.20221083933233067,0.031119022425990208,0.033260541068375386,0.1911611046734775,0.9323701869395822,2.7292690986569745,8.032308838370156,0.03680599196852393,0.12050197324866112,0.7419604736721542,1.8949429429688145,7.0875439296652045,0.08474011126443791,0.4043097579812773,4.655352343024165,12.988040716500947,49.69487679297884,0.2420536693292322,12
391,0.256951782982073,7.857367541390091,0.0,165.582144019338,45093.46253372386,3497.389341640523,25.275078681510532,0.8442721893956245,0.10217571477103181,0.053552095833343645,0.0,0.25885217134359634,7.691082310375742,0.058762785972303444,171.5782511720603,42777.41589308827,3117.4031308064555,25.106108534117183,0.8478708685932882,0.11684166163910102,0.029984700498943837,0.0,0.2649208514799184,8.89438319715088,3.911353415278669,176.12157704592445,37011.763381747034,3424.285928996945,22.969702572303817,0.7592895192051752,0.1384391391312973,0.03928216022883205,0.04460108342083555,0.26294550692327323,9.896390051549774,13.164280971454177,191.74949066137808,30215.735743110694,1912.640131512115,18.277121381567564,0.6445959153538219,0.18527660543960991,0.036281689494021864,0.11835382912059177,0.006243903953027691,0.013461021663169854,0.5494497977235104,1.2367331961196113,3.4587608623369435,0.021581631230085736,0.11719147763308736,1.0685350740572543,2.457489403456547,6.542115552494345,0.12087033202091345,0.4838376207637216,3.7218095935638518,9.544523442689586,37.457915969048905,0.5455639584710085,11
403,0.17932728704316772,5.107566616158364,0.016222013674755325,78.40392778175838,38012.54979818512,3649.3742447525233,40.40876572785326,0.9911109128351,0.008889087164899966,0.0,0.0,0.17720434087496809,6.125007561337104,2.5377344989066866,86.30512800072894,39851.253602326135,3479.5533726598,39.548410168784805,0.9375339783130588,0.020584579169302925,0.016991018330854455,0.023817757967004822,0.17846572788010384,7.602626410426819,3.9958704926654183,86.60570947468699,35978.20857350522,2406.975195105054,37.32862250051757,0.8667546820172322,0.041680309133034436,0.0431980601899885,0.0422031912035647,0.18552084774744979,8.510603848656283,13.266363832429562,83.38731428563624,29691.88009825704,971.0648567843978,33.15008697287572,0.7638793777236308,0.06258260735567743,0.04177378325607999,0.12560604436798053,0.0,0.06663703280606888,0.39355812056163947,0.8571296523645833,3.825330829523022,0.10989159687867343,0.2654561982428135,1.1523372151958629,2.776231073926932,8.505651238169849,0.11720350709123732,0.5670750635216474,4.99615421914626,13.247764262331737,46.54028635559607,0.8170535582259965,12
405,0.24010356800615745,0.11997615655783644,0.0,92.53135006314206,21388.175937228556,1182.0361531940357,69.43160384219304,0.7742071190833547,0.0710581832513019,0.09619773291628823,0.0,0.24098167014015184,0.4568056143674063,0.0,93.27537957711866,21023.932419107732,812.0295706565294,68.73371702996846,0.754765029788491,0.11886040613821502,0.07416650730922411,0.0,0.23606963349241758,0.5556613474659432,0.02915249007777664,91.78251574181584,22217.40612380711,1684.742235028504,67.53725016144446,0.7465543013147531,0.09118043009531922,0.07807895615569534,0.0010883314227278398,0.2356106441885047,0.7684234093601827,0.014888721951553541,89.92940154691637,24279.334931872974,1823.863375199548,66.34465819693281,0.767500502163893,0.0834224740194313,0.04858520249192852,0.00080123856309714,0.0,0.04031263754845814,0.3807495699859701,1.4406418257029592,5.479184125583091,0.0,0.055288395760096566,0.8615297448971596,2.683224586875406,10.98977459383452,0.09186803974082496,0.4493401497698687,5.188838978220803,14.076501752873659,51.768354830855074,0.7162763696579219,10
406,0.3729513347808857,4.018250854954609,0.12913015254787408,63.99002525339771,20869.487886861534,1660.6726826038139,48.46509645801277,0.659469199886128,0.19320372599597158,0.14236283180306702,0.0022719896137617583,0.3718596610845905,5.3504884691270505,1.9973701430177282,62.54592701618446,21681.62995432408,2368.4185583425888,47.77959726186392,0.6517156918339381,0.14622658357494986,0.1520260924915041,0.02742375594094666,0.37989261085373,6.061303383836889,9.451645595580395,51.947472602761174,18211.95523142307,2766.4198380835023,46.08386899647821,0.5457194648583715,0.17065445066501095,0.1438599392507619,0.10836757494160403,0.42436262059546975,12.426516325864482,18.974316231681726,36.08339201618439,12233.492869398988,1887.5107224085004,34.32797556652615,0.3997428419462922,0.23031654768783752,0.13813961278747536,0.1917764082950638,0.0,0.02489027015397402,0.4599170125015357,1.1133051684954995,4.501075706651908,0.007429647164095484,0.03468964813089912,0.6133741962688334,1.4547773920178477,5.2027895353536655,0.12086917685041287,0.3957695956396543,3.8467923494914626,10.150039142458827,35.648991444845876,0.4640541448852972,12
446,0.4280795523001241,6.841571449033821,0.0,243.84326477991172,56935.96395940154,328.943998212836,32.95658137099527,0.8304207454272854,0.10895874720915495,0.0566840659887857,0.0,0.4378633080116028,9.462757273124325,1.4962636159983333e-05,209.4985434776075,48942.56427047586,496.1454181301738,32.30902748436554,0.7475370680954776,0.18120709649934819,0.06674376304389103,0.0,0.4822735120635093,19.712670982069515,0.002057401195953505,147.07995563708454,36852.17416304626,1032.0023183668206,29.99464045878641,0.5456973951532214,0.29432822144833487,0.1559993026702702,0.00027161756247203334,0.5348237410385539,32.56834504004113,0.014335253798656413,92.39229756692026,24524.42243568217,985.6446778754126,25.202550153826337,0.3792164327548233,0.4333851615640973,0.18322714572801468,0.0009012884111215001,0.0,0.0,0.19158485464811428,0.45182318913223224,4.065390732004916,0.04029364653508447,0.12459965459217955,1.330606637462045,3.2491250642116665,10.745168499634069,0.12721503606172108,0.4954589019258602,4.342038136712879,11.558382961776763,41.19208462589398,0.8727191549281232,12
67,0.5168530585466266,0.4808796120524262,0.0,9.582256737078055,15438.13049620975,5717.356915115059,16.65631798741227,0.35293384777377246,0.1474921259714139,0.49957402625481345,0.0,0.5150112530976139,2.9934654516234622,0.12057300488164119,11.492204664242216,13436.455607712584,3358.416629644747,16.549173579047633,0.3326961980058849,0.2818160888513916,0.3782095584330638,0.00567257824161095,0.5129943128333578,6.264653684597012,1.8891428568320976,19.428622050841078,15576.126031425089,2338.159258023661,16.16260719377144,0.4152554234560682,0.2746530901188025,0.28278341540894963,0.02447547290402158,0.5085934527611433,8.62022254874514,2.734710264699659,21.189231659569757,15078.889149019999,1464.84027679629,15.391235473584336,0.4177901413843563,0.29639832073146494,0.2511184475572196,0.030384382701303655,0.0,0.0,0.09680105041127364,0.490449868011265,4.2196184957485725,0.0,0.0389032990843795,0.41421426193384603,1.0369945787137318,4.743000907456801,0.04300966677874046,0.22255841037898025,2.1686331099779,5.658907055649565,22.415742147696474,2.5716309852564465,12
758,0.49460352189463014,2.7152909736491493,0.0,27.00920599698536,18226.363387684596,2016.5759554328913,14.551442742344118,0.5801331299410845,0.19029574790861797,0.2295711221502974,0.0,0.49742845561226157,4.160126427316113,2.424101326596944,23.01368746510302,16574.43048199335,3151.766139704764,14.800300793220662,0.4976111906738434,0.17138225813420122,0.2986406653681089,0.03170592508041923,0.5155908668222092,4.290730063826034,4.35301436141716,21.105225680310305,16988.476646417803,4957.339821506781,15.681546245078598,0.4438192642182136,0.16272393036880564,0.3385678484548192,0.05108834025639841,0.5287072505096635,5.449871480577408,7.853367205235147,20.83872096907347,15353.15611998943,3260.2480514905847,15.556725252057083,0.3875128350152874,0.14739947344908466,0.3720060616508445,0.07656437424421983,0.0,0.0,0.18135487286633092,0.5092827129926458,2.1946106956819085,0.03189633510713813,0.07206971865075888,0.6259919097291248,1.7877601496293831,6.987088681366728,0.14385480429033165,0.5262825768456103,3.442280212613535,8.262806403013476,29.257449268039615,0.9922511944737646,10
88,0.4254148146794167,1.1843292503407266,1.4143150188524005,5.464910523520373,21427.64624947454,13500.134375141284,34.33419463822831,0.49729653149157627,0.12973394891546572,0.32102522108616555,0.04257993344907408,0.43205094504494873,4.120248071464843,5.073273024728084,8.532005301604183,19274.107612861088,7848.107258733559,33.575851594783025,0.44094029125768835,0.23875394898560684,0.23323587834221385,0.06849156102331255,0.4366985940928036,3.39570278002803,6.203727241597368,14.735886850907342,20722.84224932295,6753.713268539115,31.047124029259013,0.4774912920831929,0.21969860357333035,0.21213627319417597,0.07288241877347218,0.4472029249872238,5.275033246250467,10.22074524401694,16.024598497877076,19935.417878939777,5296.536900560554,25.367320373717437,0.48024329290346723,0.21469364995518547,0.1839916582817522,0.09873451952331426,0.030968740273031124,0.1235856063411432,0.8063574178503536,2.43499173840203,8.51589518455461,0.002800223691190783,0.03601054047061924,0.26500748622714393,1.081495092568898,4.6326868277696756,0.048184698051545204,0.26568823214114606,1.6865940622566906,4.5893210350879,21.48908743257753,0.4729428473828107,12
885,0.5782116247708747,8.380102245167636,0.0,25.00416284675747,15032.288542424752,7391.768739329348,12.111873529215261,0.44597803794740565,0.32885491775478387,0.22516704429781034,0.0,0.5841933168621029,7.333325203160274,0.012550307555387533,27.08912896259048,11525.895936249719,3991.3203819939486,11.135155738765455,0.34603474469449896,0.33748980449752475,0.31117532227151323,0.0030130874007858084,0.5881274510339798,7.36035494613929,0.010754561311237297,24.348296486470115,10056.64209177418,3991.6503715135573,11.058770481489177,0.2578017982823372,0.30331089519440174,0.43231274938492964,0.0037170437220714666,0.5762663591108209,5.306278516464645,0.08279524580509637,20.818668479974477,7968.376225443197,2479.2612585285447,9.466265388615504,0.21771343934149134,0.24167124279973173,0.5355797252723465,0.0018996060161823919,0.019353332700719324,0.059039241815334625,0.41200495869147363,0.9836119663676582,2.7815077894954654,0.015694269531863227,0.04804709398534276,0.2128392509280689,0.40730249591415085,2.798644732940472,0.061479925075586896,0.3531825763135155,3.148581142874439,7.608534486072808,26.123902889156017,0.6734806087408306,12
921,0.27301097119804046,3.1702432308178703,0.0,85.11140178052216,28843.75551630971,2583.308258267197,40.786827190284434,0.8849843483282346,0.10643508972908132,0.008580561942684082,0.0,0.27036372792242197,3.147403873411298,0.0,97.11408783036504,34604.8912462964,4359.82285652554,40.96787558801021,0.9148052584528877,0.05841112766675317,0.02221377761411822,0.0,0.2770701187991421,4.050942273061693,0.007038905998644,89.59547010112718,30794.772068366976,1978.3974816139644,38.68055885603355,0.7972945536884062,0.10275683263851648,0.060973011023135265,0.001393229393997591,0.2815354894448324,4.82726949624615,0.1017362190397776,78.84998716159251,28197.669369256928,638.845848766285,38.41171564715016,0.7716703644230467,0.1047546418376662,0.08653618800724235,0.0023209223714795273,0.05220339216156599,0.15733603135686638,0.6368092742198964,1.1493050129397941,3.9209478934234214,0.056977132865110865,0.1628687657467911,0.6369444519219664,1.2231292001709082,3.12395197774144,0.09842345208859603,0.5403627363740368,4.780726901390161,13.172429788444333,46.74349556139338,0.7627662598026735,11
930,0.3085398576316081,3.9071522823258285,0.0,81.58754003062451,18666.84398271076,866.5823350441264,9.039305964378972,0.5975912551400268,0.06974609813871246,0.2146922553046894,0.0,0.303404445442579,4.821424820528243,0.00013896609227348334,83.09183274326742,19400.248686055147,464.8856852944473,8.658200321678235,0.6177121041527499,0.12305864015920431,0.14420650480596275,0.0,0.29922961474972215,4.9435560837220995,8.625406919076154,82.32950014694649,18814.08539921111,107.64759443095534,7.861236982075414,0.593755955982373,0.11957562604950174,0.11810606557037172,0.08465897737686508,0.3103427062250006,5.818582430213667,17.223929917850466,65.37865906661293,15363.382942959748,18.463570172167966,6.335366780741015,0.5243268695757645,0.12043521489095287,0.09954760113196255,0.16308621886043587,0.0,0.03410015656657418,0.37018643010341584,0.9563521661403375,2.6260962415655196,0.016880008675989402,0.07613951135484276,0.3581250756852678,1.0455778923401227,3.6080639927166165,0.1278197949774336,0.45009395022745163,3.7606012865597,9.718133358097814,37.21403798622257,0.8222761315394899,12
959,0.32161536394443685,0.6992168069221739,0.7991356442815541,578.7500744571072,91750.642944497,30247.414885702532,72.2095403570435,0.8358022361923276,0.1440446650958374,0.002410116819779967,0.012460535417684842,0.3282421015053157,1.1281570064654618,0.6561977229861456,668.0545905184986,102263.41689820845,29795.20199470296,70.631796108086,0.836297695822858,0.13704176918176422,0.0011588340069579,0.019146225183194185,0.3571166216943962,7.986239749914604,6.446999665564149,480.31575163827614,70703.65798757196,21209.27917475242,63.55543646736297,0.6447091149398185,0.2772033325647233,0.0060397844710233075,0.06949224972801285,0.4070834834964419,18.14809249021695,18.1778542059527,240.1531742891833,39081.324682792605,10889.831850985089,49.812861601099655,0.4266020090753814,0.40678690164999654,0.01233342203460136,0.14668433973047368,0.04903356305483788,0.16686687060018093,1.4609324142299573,4.394816437965172,15.579716629267415,0.10017266666941993,0.40866886396463986,2.9211244887721026,6.872700338136731,20.385247431195705,0.14358633848163463,0.4266031737077955,3.677547574802874,9.165667070822233,30.343939342091787,0.15114018376537072,12
city004,0.3459122699666874,0.21663956681665594,0.1062573145349577,190.3599036907216,53773.03511192906,3798.5722048466055,38.0175048677892,0.726154291079539,0.18942492267932873,0.052140105491532855,0.031015008752220047,0.34331660522024005,0.1193517656951385,0.2006506327248085,186.52782262772993,51219.83695740513,2245.829246450727,38.06765836961757,0.6275208282192375,0.23741771195607125,0.10264713961619097,0.021184566852021438,0.33454931491427364,0.10398846569465338,1.3589554560325419,213.36946050547954,54470.678730427884,3812.3218336248747,39.203642696062104,0.7041187250580738,0.14229925717807929,0.11289097683598112,0.029485879743621924,0.3337609805419664,0.12544473942677484,3.414818069942991,214.41677990182455,51233.57536911224,3810.2235654587093,38.48849831088242,0.7136710123522193,0.12707644753627476,0.11040764527877804,0.04020003001449367,0.0,0.02043236228851853,0.37483834700931007,1.4302274099093897,8.485564383258074,0.03609969711377966,0.10942824679081475,1.0445441545233958,2.93167171661367,11.387154348845948,0.07228773788428225,0.26537899995364195,1.851555778067218,4.719315149113255,17.363248011819053,0.9045239629132334,21
city044,0.3366347761810927,0.21368794450530987,2.1530189418083334,67.0371942800058,21981.259077318846,1109.7917894788702,27.96463157528969,0.30208246512542025,0.43432675355604256,0.1920727993707711,0.059947924111467835,0.3352746962860303,0.4744285719035034,2.498153554138955,88.86874969655881,30922.069107865518,1652.1736449415712,27.452861234498744,0.461725054689672,0.3091526888692718,0.14420905878563345,0.0762220338600589,0.3324258157602422,0.5276842299996715,2.220634006622763,119.13711233590149,45300.52961582882,2604.6996318833585,29.300060022388767,0.5970187643579911,0.2475609234068705,0.09870583866137507,0.05467196676670694,0.3360219956290707,0.8083483474759408,1.9876453418278828,109.45651574929582,45641.29957637571,3101.1954313846245,29.31937715861761,0.6154698500819381,0.23202322414974544,0.11342131242605001,0.036431538405973275,0.0,0.003000103155716318,0.14103971369406523,0.8379072046063627,4.8984218919295675,0.0047766343088233,0.03712621600099202,0.9085003756185374,2.7690912791441997,13.154231745472924,0.026819643689424515,0.1263906846515431,1.5175952488819515,3.9515191735550688,14.901270810385352,0.7321023453077758,28
city049,0.3092535231824721,0.9893732344391298,0.0008688571361192454,144.35735474649184,24329.243594439515,745.0700185097947,30.117560822314648,0.695500621712635,0.1562855373482652,0.06431402620635109,2.0576978476472726e-05,0.31315651210221535,1.5329739424525146,3.0749902785564545,165.55830468866637,27259.766577527895,1370.467685996933,29.954448367994928,0.6239548452440032,0.19003278058576462,0.06795867457309171,0.04331105142060289,0.32974794059807944,1.0063965544283442,3.616817707535653,161.37055228201376,25374.502972679646,1910.5542346576678,29.89310526230757,0.5949118091191545,0.22142064569551226,0.07014539237775472,0.05179595639091794,0.3462537088533985,2.4141008392597008,5.428092963380127,120.56489909403582,21749.287321060747,1867.575421030605,27.02434597521592,0.5514091905033282,0.2716893803669079,0.06387467989595434,0.060508507656633286,0.019419725109295582,0.08072130333768514,0.49810452228180363,1.9209092659248213,8.674332396003184,0.008350586075633873,0.08274766178911308,0.673893691058108,2.050271013796772,8.361683742146745,0.01752625834012928,0.12385067665600248,1.3820808452535736,3.498550604278468,12.346304804738605,0.3897741110104645,11
city090,0.26217980040958005,0.6206133746469112,6.302900139402192,100.3562273369153,31511.15675334701,64.63499003930256,40.85317329901425,0.5978553735905524,0.23286509213786868,0.08398414797654931,0.07797865665506959,0.2645038465148459,0.5572929848168483,8.563131065716057,113.00069178945786,33784.31131860121,1656.3818715288571,40.56731927164963,0.6076708935778982,0.1837760834365268,0.09012389178242942,0.10243444786425354,0.2692829718523484,0.560694016437619,8.052670335080315,133.57714084016587,39445.684002579634,1815.286897057717,40.462304233123966,0.7043483552663543,0.08874746387835222,0.10766377580880286,0.08387530835235557,0.27432551516194414,0.5158452649932332,9.33446216933106,134.4356469387346,34393.5371764838,1681.7199174522502,38.633302954659534,0.6956129304068427,0.06385853169502217,0.1643012020085214,0.05793674965398974,0.0056778984173881724,0.03838709406550186,0.4653000114548061,1.5554384725922332,7.846455661249084,0.008128746734012683,0.07730669679952812,1.5847589499888854,4.185758648680147,15.581681790965389,0.01754133212428715,0.07225570523427095,0.9611526898544621,2.997236834388923,13.71759092274687,0.43962877962874336,22
city123,0.37162274403357,4.67649267710136,1.552602163926027,136.1585720764045,38745.734283370555,2406.7580237385896,27.95468719541016,0.6050595421594693,0.3234508433490499,0.03226379132947542,0.03526601695423616,0.370678776380373,5.647820665110852,3.5310170286909464,136.15446854746475,37737.052435525904,4068.5381661159136,27.907736936152624,0.528930367891458,0.35374993932110377,0.0500574902298412,0.05718466346987451,0.3695464731265804,7.769141110066885,2.722350769896532,163.58514612905688,42375.38671484739,5559.49517014963,27.36419192234956,0.566202034642772,0.31351437586167696,0.0510996896484577,0.04991191053661629,0.37779170152631,11.264670633318838,7.284956097879232,144.88179611685024,35972.980141440225,3474.17612726554,26.63449574173224,0.4922190967367591,0.3734236187569433,0.045269885137615457,0.0710155238485485,0.0,0.004887990409167057,0.521068191246448,2.0424909845261334,7.784401472604623,0.0018521428306416715,0.06710810743230652,0.9237814065584353,3.0092095019911307,11.553004142430689,0.04618809493774155,0.20354229256638331,1.4818477790274922,4.439334018831534,17.534318557919125,0.35525551354874135,21
city143,0.3620174681234725,4.3064865668189,0.6383176272115271,71.5708334773177,37294.3552285917,3120.1190837485815,30.011264209821086,0.5653977125039189,0.3251084801150876,0.04838478278840628,0.036461281581488224,0.36477109911773614,3.936823788221137,0.3021629958728334,75.24581020767319,39339.9198575651,4176.447352196441,30.15103225855988,0.5918637059979946,0.2860464814112871,0.08431417884241842,0.0207047427189278,0.36738317123651065,3.4901428303434314,0.7864831970557179,72.0404111219807,34620.094439554516,3423.0376235327085,29.479428991130472,0.5812829986332559,0.22715034810339835,0.11760418155898872,0.039301107335459926,0.36988629872402695,4.146537927003367,0.579025846138959,71.91337812465578,33009.71344186783,2552.1607021194395,27.602890990159807,0.5620392231415632,0.2212664623153919,0.1672158590127271,0.017990752903872094,0.0,0.0,0.4372977828317508,1.7944833428346234,7.395515550676453,0.0,0.03827753965372846,0.6883771134164405,2.4834387161367357,12.997230125138861,0.053106187454637924,0.20390157040060689,1.4135055755004453,3.3898306391975006,11.895372551964922,0.46751009195141824,17
city203,0.29483215359328296,0.8024435466554638,0.00038759748798345626,210.34509950127534,51963.042348493924,7168.770502068948,27.59175604204316,0.755723969862962,0.1954284291995634,0.028700049813522106,0.0,0.29541253210604107,1.079240037291098,0.05068232381196379,184.2042389757709,52032.6844748448,7400.3888943774655,27.48520694995445,0.7721527862126035,0.16346359160796017,0.056717009519643945,0.003444205805933275,0.3002628517510856,0.9827037317608032,0.11398335681766669,110.96279073475868,51976.532872365955,5166.686709001917,27.280260185934534,0.8170082246869526,0.13468959375744294,0.03790266371513436,0.00717650765210045,0.3082800002776471,0.7728284366867909,0.10080983724306704,99.5043850657284,45778.04182982855,4231.055200813896,26.491659953390496,0.7920299660312965,0.1199377769259846,0.07534638636282971,0.005123285454591281,0.0,0.026051313635423068,0.5615829067320162,1.636242017382345,7.6486686882685975,0.011498882391889025,0.13115314289498847,1.0903606763616347,3.3354658092515495,12.060404951396919,0.029256330769569412,0.17433914652403712,1.2352503368886487,2.9849837353971442,11.787737403375942,0.3340181627497442,16
city216,0.4223046774657837,2.0404706620674005,0.0029481760041470376,138.6496187691105,44727.78070483988,3382.3056047280165,36.01351375779402,0.5759617010545444,0.3958149590085177,0.004773961751725694,0.0,0.4209916951070552,4.65742857797969,0.042476008333494866,134.57202305354178,47510.98984421388,4990.207821480222,35.87021366129852,0.5520392674571096,0.3855479807422655,0.0391089035475931,0.0010732532286295438,0.41202072958169333,7.5771205453534245,1.2249158321729874,114.74698657648165,42913.01078117023,4106.882000362841,35.85173803510589,0.56837579197391,0.38688612799097405,0.018204065080128232,0.012453040256870024,0.41706581721231,8.380990153423003,7.926610861088908,114.82803554880451,38846.838561466735,3781.971657664328,33.55160199080528,0.5267594157973571,0.37742673240603614,0.016296632596538487,0.0624133628791792,0.006653273926978319,0.06161327195889109,0.4017345430890926,1.8668111846669606,9.955232427857906,0.05631965758596874,0.2239804646716229,1.1074173515113097,2.939160009687417,10.72898711589395,0.07313311415532402,0.28667528468348613,2.1159999364629205,4.948652658517718,19.86579440604341,0.35507651836737464,16
city251,0.31224401360926013,0.2269140708505208,0.14142402637671836,72.69489494764684,50767.44781440934,7815.366912128734,28.42901313680768,0.6191818433345382,0.2602526555202769,0.09859476740582711,0.02123190650799318,0.31507968397560837,0.6861020472365926,0.4037465765689736,86.50679992242391,49672.69759218663,3274.864687071148,28.933980284473314,0.6271997208884772,0.22313017726774312,0.13356476331546507,0.014537038544706267,0.31347795262978734,0.5551333719489796,0.09142627309245333,109.18354976396849,54051.6812620771,2939.291099512462,29.529842529593832,0.7324634298474627,0.14042065224071892,0.12157641806232927,0.0025637733309230555,0.31929654580892275,0.4762381851036515,0.08327339002845849,93.50380817983508,46948.43067657093,1460.7195873568073,27.71235972420707,0.6949040612491081,0.08789384524501781,0.2076832425081555,0.004307495954069283,0.0,0.0,0.1696222923949264,1.0328130549330652,3.7484215052778813,0.0,0.0618705798942967,0.6126744962053725,2.5070621182104125,10.893281246728693,0.04811203302628341,0.15881010244570415,1.1229152977250187,2.5553410009496593,8.475779852306827,0.6902629354607301,18
city283,0.30002830283997217,0.045806255000507334,0.6008269360477302,62.74044010941546,39352.06994803239,4911.838701153017,45.87374052871559,0.5735446650969758,0.27746495688523914,0.13653107839342968,0.004581379110857947,0.30330450229955885,0.07663876203073818,1.7655302819796306,75.77220948110411,48892.41402065701,6874.794312681511,45.89815531830948,0.6519938498044714,0.19426084437628677,0.1034513390444693,0.03522509181367095,0.30325251298061195,0.03999927795735173,1.592475975446309,108.24860448283667,60198.44336139757,7356.937205081396,45.78818079235014,0.7469942455485293,0.10690799403108742,0.10532009618772746,0.030816078677413115,0.31136224800229867,0.22062921867869645,0.5659770907320291,91.83995720845823,54317.030902547805,3680.568291379449,41.84332481536849,0.7380486209727749,0.09474930112426445,0.13988528179004556,0.014922393959242808,0.003642594149281306,0.016986576428348447,0.21613143870142504,0.7524516467017408,5.633398531594023,0.030500469106822345,0.17089877717479682,1.6276960125813023,4.143649249402369,15.38252059335764,0.04410089022976721,0.12553309343072894,1.4112821208984356,3.811312544442933,15.290683474807562,0.5125668582520471,17
city314,0.3839744727583411,3.7374504799126584,0.0012711532975068875,102.14966690134115,40983.61511876849,2828.9384913749377,20.134762396538225,0.5938358386669222,0.3309536624989785,0.06144243591475365,0.0005651595744680833,0.385052253657167,4.0069063788783295,0.5686706273861059,104.26531447308277,39170.70076810402,1796.9337300567222,20.37932504627547,0.5778949832778164,0.32627371276859113,0.05835166725904455,0.012392681386587286,0.38993448784675283,5.626666885301265,3.0178304084648477,98.10741375605978,33200.218570371835,1144.7539392852304,19.39361624623539,0.5155822997547985,0.34608119787229846,0.06248520860759856,0.05205949775192984,0.41110486019469983,8.103416335301372,4.171671492795374,73.67677897615165,21141.582042783815,1146.1279324177133,15.618665690448323,0.3967984761830432,0.4171251453870648,0.0943456409260679,0.06278827501853836,0.0,0.02204128704700702,0.455396865994844,1.4202396393864127,6.257965946611691,0.013351390038975237,0.12258848863658199,0.9661523175696846,2.862808629802073,9.976495866977293,0.032133851963636495,0.12936292186905252,1.3579489288379902,3.3528868099816056,10.870778106567357,0.4378150924571773,48
