cluster,band,country,meta_1y,cached,manifest_cluster,stations_in_cache,cache_span_days,real_1y_75pct
1,temperate,KR,125,False,,,,
2,temperate,JP,124,False,,,,
0,temperate,GB,99,False,,,,
5,deep_tropical,TH,86,True,2106.0,11.0,591.0,9.0
10,subtropical,JP,69,False,,,,
7,subtropical,IN,51,True,1058.0,12.0,591.0,11.0
24,temperate,JP,45,False,,,,
13,temperate,KR,44,False,,,,
3,temperate,JP,43,False,,,,
23,tropical,IN,39,True,1078.0,12.0,591.0,10.0
32,temperate,RS,36,False,,,,
22,temperate,BE,32,False,,,,
35,temperate,KR,32,False,,,,
46,temperate,KR,30,False,,,,
39,temperate,KR,28,False,,,,
31,temperate,RO,28,False,,,,
36,temperate,ES,27,False,,,,
4,temperate,JP,27,False,,,,
43,tropical,MX,25,True,1665.0,2.0,591.0,1.0
12,temperate,JP,23,False,,,,
79,subtropical,KR,22,False,,,,
44,subtropical,TW,22,False,,,,
77,temperate,JP,22,True,1383.0,12.0,592.0,11.0
50,temperate,IE,21,False,,,,
38,temperate,SE,21,True,2038.0,9.0,590.0,5.0
86,subtropical,JP,21,False,,,,
37,temperate,KR,20,False,,,,
68,subtropical,JP,20,False,,,,
49,temperate,AT,19,False,,,,
8,temperate,KR,19,False,,,,
30,subtropical,JP,19,False,,,,
47,temperate,KR,19,False,,,,
82,temperate,DE,19,False,,,,
66,deep_tropical,CO,19,True,446.0,12.0,613.0,12.0
76,temperate,US,18,False,,,,
9,temperate,KR,18,False,,,,
71,temperate,DE,18,False,,,,
57,temperate,NO,18,False,,,,
91,temperate,KR,18,False,,,,
101,subtropical,JP,18,False,,,,
116,subtropical,JP,18,False,,,,
81,temperate,US,17,False,,,,
11,temperate,US,17,False,,,,
70,temperate,NL,17,False,,,,
15,subtropical,JP,17,False,,,,
120,temperate,CL,17,True,406.0,12.0,591.0,12.0
113,subtropical,AU,16,True,88.0,12.0,592.0,12.0
90,deep_tropical,CO,16,True,445.0,1.0,416.0,0.0
136,subtropical,CN,16,False,,,,
125,subtropical,ES,16,False,,,,
97,temperate,ES,15,False,,,,
112,subtropical,BR,15,False,,,,
140,temperate,KR,15,False,,,,
149,temperate,ES,15,False,,,,
156,subtropical,JP,15,False,,,,
157,subtropical,JP,15,False,,,,
