cluster,band,country,stations,sites_50m,sites_100m,sites_250m,conc_365,keep_frac_100m
1,temperate,KR,158,128,128,126,125,0.81
2,temperate,JP,130,130,130,129,124,1.0
0,temperate,GB,177,169,166,156,99,0.938
5,deep_tropical,TH,96,96,96,96,86,1.0
10,subtropical,JP,72,72,72,72,69,1.0
7,subtropical,IN,81,76,74,72,51,0.914
24,temperate,JP,43,43,43,43,45,1.0
13,temperate,KR,55,53,51,44,44,0.927
3,temperate,JP,82,82,82,81,43,1.0
23,tropical,IN,43,39,38,38,39,0.884
32,temperate,RS,34,34,34,34,36,1.0
22,temperate,BE,44,30,30,30,32,0.682
35,temperate,KR,34,29,29,29,32,0.853
46,temperate,KR,29,29,29,29,30,1.0
39,temperate,KR,30,24,24,24,28,0.8
31,temperate,RO,37,28,28,26,28,0.757
36,temperate,ES,31,21,21,20,27,0.677
4,temperate,JP,60,60,60,60,27,1.0
43,tropical,MX,30,23,23,22,25,0.767
12,temperate,JP,44,44,44,44,23,1.0
79,subtropical,KR,22,19,19,19,22,0.864
44,subtropical,TW,30,29,27,24,22,0.9
77,temperate,JP,22,22,22,22,22,1.0
50,temperate,IE,28,25,25,25,21,0.893
38,temperate,SE,33,19,19,15,21,0.576
86,subtropical,JP,19,19,19,19,21,1.0
37,temperate,KR,31,30,30,29,20,0.968
68,subtropical,JP,22,22,22,22,20,1.0
49,temperate,AT,28,26,25,22,19,0.893
8,temperate,KR,63,48,48,48,19,0.762
30,subtropical,JP,33,33,33,33,19,1.0
47,temperate,KR,27,21,21,21,19,0.778
82,temperate,DE,22,21,20,20,19,0.909
66,deep_tropical,CO,24,23,22,22,19,0.917
76,temperate,US,21,18,17,17,18,0.81
9,temperate,KR,56,50,50,49,18,0.893
71,temperate,DE,23,20,20,20,18,0.87
57,temperate,NO,27,27,26,25,18,0.963
91,temperate,KR,18,17,17,17,18,0.944
101,subtropical,JP,18,18,18,18,18,1.0
116,subtropical,JP,18,18,18,18,18,1.0
81,temperate,US,20,20,20,20,17,1.0
11,temperate,US,54,20,18,17,17,0.333
70,temperate,NL,22,18,17,16,17,0.773
15,subtropical,JP,40,40,40,40,17,1.0
120,temperate,CL,17,17,17,17,17,1.0
113,subtropical,AU,17,11,11,11,16,0.647
90,deep_tropical,CO,20,20,20,19,16,1.0
136,subtropical,CN,16,15,15,15,16,0.938
125,subtropical,ES,16,16,15,15,16,0.938
97,temperate,ES,19,15,14,14,15,0.737
112,subtropical,BR,17,17,17,17,15,1.0
140,temperate,KR,16,16,16,16,15,1.0
149,temperate,ES,15,15,15,15,15,1.0
156,subtropical,JP,16,16,16,16,15,1.0
157,subtropical,JP,15,15,15,15,15,1.0
