cluster,band,country,lat,lon,ever,conc_365,win_365,conc_730,win_730
1,temperate,KR,37.469,126.881,159,125,2024-03-19,120,2024-03-19
2,temperate,JP,35.712,139.667,134,124,2024-07-24,120,2023-07-22
0,temperate,GB,51.51,-0.107,177,99,2019-05-22,62,2018-11-02
5,deep_tropical,TH,13.749,100.557,96,86,2022-10-25,86,2022-10-25
10,subtropical,JP,34.71,135.539,72,69,2023-07-14,68,2023-07-14
7,subtropical,IN,28.605,77.223,81,51,2025-02-18,47,2020-03-30
24,temperate,JP,35.096,136.942,45,45,2023-07-14,45,2023-07-14
13,temperate,KR,35.181,128.985,58,44,2024-03-19,37,2024-03-19
3,temperate,JP,35.466,139.485,43,43,2023-07-14,43,2023-07-14
23,tropical,IN,19.114,72.931,46,39,2025-04-07,16,2020-12-16
32,temperate,RS,44.783,20.474,37,36,2023-09-07,36,2023-09-07
22,temperate,BE,51.153,4.385,46,32,2024-12-10,28,2024-03-23
35,temperate,KR,36.491,127.371,36,32,2025-01-31,31,2024-03-20
46,temperate,KR,35.844,128.555,31,30,2025-03-03,29,2024-03-19
39,temperate,KR,35.944,126.974,33,28,2024-10-08,27,2024-03-19
31,temperate,RO,44.449,26.071,37,28,2024-11-23,27,2024-07-27
36,temperate,ES,40.377,-3.661,34,27,2024-03-23,27,2024-03-23
4,temperate,JP,35.667,140.052,28,27,2023-07-14,27,2023-07-14
43,tropical,MX,19.397,-99.132,31,25,2021-02-26,25,2021-02-26
12,temperate,JP,36.037,139.613,24,23,2023-07-14,23,2023-07-14
79,subtropical,KR,34.867,127.62,22,22,2024-03-20,22,2024-03-20
44,subtropical,TW,25.043,121.433,31,22,2024-02-26,22,2024-02-26
77,temperate,JP,38.278,140.91,22,22,2023-07-14,22,2023-07-14
50,temperate,IE,53.329,-6.296,29,21,2025-05-21,13,2024-03-23
38,temperate,SE,59.366,17.99,33,21,2024-02-23,19,2024-02-23
86,subtropical,JP,34.533,133.909,21,21,2023-07-14,21,2023-07-14
37,temperate,KR,35.52,129.296,23,20,2024-03-20,19,2024-03-20
68,subtropical,JP,34.756,134.83,20,20,2023-07-14,20,2023-07-14
49,temperate,AT,48.189,16.409,29,19,2024-05-28,17,2017-02-18
8,temperate,KR,37.234,127.068,25,19,2024-03-19,18,2024-03-19
30,subtropical,JP,34.961,135.811,19,19,2023-07-14,19,2023-07-14
47,temperate,KR,36.842,126.929,25,19,2024-03-20,19,2024-03-20
82,temperate,DE,51.399,6.914,21,19,2024-01-28,19,2024-01-28
66,deep_tropical,CO,6.224,-75.583,24,19,2020-05-18,17,2019-09-05
76,temperate,US,45.532,-122.683,22,18,2022-10-04,17,2021-08-27
9,temperate,KR,37.685,127.147,18,18,2024-03-19,18,2024-03-19
71,temperate,DE,52.475,13.317,23,18,2024-01-28,17,2024-01-28
57,temperate,NO,59.923,10.784,27,18,2023-01-05,14,2021-08-04
91,temperate,KR,35.167,126.898,20,18,2024-03-20,18,2024-03-20
101,subtropical,JP,33.867,130.834,19,18,2024-02-02,18,2024-02-02
116,subtropical,JP,33.535,130.456,18,18,2023-07-14,18,2023-07-14
81,temperate,US,40.748,-74.013,21,17,2023-05-07,17,2023-05-07
11,temperate,US,37.735,-119.018,67,17,2024-03-21,12,2023-09-16
70,temperate,NL,52.416,4.737,23,17,2022-10-04,17,2022-10-04
15,subtropical,JP,34.701,135.208,17,17,2023-07-31,17,2023-07-31
120,temperate,CL,-36.889,-73.112,17,17,2021-01-05,17,2021-01-05
113,subtropical,AU,-27.483,153.073,18,16,2018-05-10,16,2018-05-10
90,deep_tropical,CO,4.651,-74.108,20,16,2020-10-30,1,2016-11-09
136,subtropical,CN,29.578,106.523,16,16,2019-03-04,14,2018-10-17
125,subtropical,ES,28.411,-16.333,17,16,2019-05-31,16,2019-05-31
97,temperate,ES,43.225,-2.082,19,15,2024-01-29,15,2024-01-29
112,subtropical,BR,-23.548,-46.627,18,15,2021-08-24,14,2017-08-10
140,temperate,KR,35.998,129.36,15,15,2024-03-19,15,2024-03-19
149,temperate,ES,36.184,-5.422,15,15,2017-02-21,15,2017-02-21
156,subtropical,JP,34.75,137.607,15,15,2023-07-14,15,2023-07-14
157,subtropical,JP,32.822,130.73,15,15,2023-07-21,15,2023-07-21
158,temperate,IT,40.903,14.356,15,14,2024-02-02,14,2024-02-02
150,temperate,DE,50.028,8.453,15,14,2024-01-28,14,2024-01-28
100,tropical,HK,22.432,114.138,19,14,2018-10-17,14,2018-10-17
124,tropical,IN,17.458,78.41,17,14,2022-06-16,14,2022-06-16
95,tropical,IN,18.569,73.83,19,14,2025-02-25,4,2021-01-12
65,temperate,ES,43.262,-2.912,24,14,2024-01-28,14,2024-01-28
53,temperate,JP,36.195,139.33,16,14,2024-08-30,13,2023-07-14
173,temperate,JP,43.048,141.384,14,14,2023-07-14,13,2023-07-14
146,temperate,ES,43.477,-5.783,15,14,2024-03-23,14,2024-03-23
172,subtropical,JP,34.395,132.502,14,14,2023-07-14,14,2023-07-14
59,temperate,US,47.685,-117.337,27,13,2024-05-24,12,2024-05-24
88,subtropical,CL,-32.864,-71.476,20,13,2020-05-15,13,2020-05-15
135,subtropical,ES,27.961,-15.452,16,13,2025-01-26,10,2024-01-28
45,temperate,JP,35.366,136.767,13,13,2023-07-14,13,2023-07-14
93,deep_tropical,PE,-12.022,-76.973,19,13,2024-03-11,10,2016-03-13
40,temperate,AU,-37.785,144.893,32,13,2021-08-17,10,2021-08-17
107,tropical,IN,22.582,88.351,18,13,2025-02-19,10,2020-01-02
123,tropical,TW,22.647,120.382,17,13,2024-02-26,13,2024-02-26
194,temperate,JP,36.569,136.667,13,13,2023-07-14,13,2023-07-14
182,temperate,ES,39.537,-0.359,13,13,2024-03-18,13,2024-03-18
115,tropical,CN,23.127,113.301,18,13,2019-10-28,12,2018-10-17
170,temperate,CN,37.817,112.563,14,13,2019-03-19,12,2018-10-31
169,temperate,CN,41.813,123.477,14,13,2019-11-05,12,2018-10-17
132,temperate,NL,51.932,4.377,16,13,2016-01-30,13,2016-01-30
171,tropical,IN,23.077,72.602,14,12,2021-06-18,12,2022-03-24
180,temperate,ES,41.47,2.152,13,12,2023-05-06,12,2023-05-06
144,temperate,US,36.153,-115.187,15,12,2021-06-04,12,2021-06-04
215,temperate,JP,37.887,139.093,12,12,2023-07-14,12,2023-07-14
178,temperate,US,38.689,-90.179,13,12,2025-01-05,11,2020-12-19
138,tropical,MX,20.632,-103.351,16,12,2021-01-05,12,2021-01-05
134,temperate,FR,48.898,2.348,16,12,2024-07-27,12,2024-07-27
83,temperate,TR,41.065,28.959,21,12,2016-12-23,12,2016-12-23
48,tropical,BR,-22.894,-43.32,30,12,2025-09-02,2,2023-04-06
34,tropical,VN,21.033,105.801,36,12,2024-01-29,2,2024-01-29
28,subtropical,JP,34.43,135.487,12,12,2023-07-21,12,2023-07-21
55,subtropical,MX,25.715,-100.363,27,12,2023-06-03,11,2023-01-10
183,temperate,CZ,49.797,18.44,13,12,2022-10-04,12,2022-10-04
199,temperate,CA,49.205,-122.959,12,12,2024-05-09,12,2024-05-09
122,temperate,ES,43.416,-8.269,17,12,2024-03-23,12,2024-03-23
216,temperate,JP,35.066,138.51,12,12,2023-07-14,12,2023-07-14
209,subtropical,CN,27.913,113.049,12,12,2018-10-17,12,2018-10-17
208,temperate,IT,41.903,12.471,12,12,2022-10-04,12,2022-10-04
212,subtropical,ZA,-26.699,27.891,12,12,2021-10-25,12,2021-10-25
126,subtropical,CN,34.325,108.863,17,12,2018-10-17,12,2018-10-17
133,temperate,US,42.329,-83.133,16,12,2023-07-16,12,2023-07-16
33,temperate,JP,35.644,140.27,12,11,2023-07-14,11,2023-07-14
6,temperate,KR,37.523,126.58,15,11,2024-03-19,11,2024-03-19
25,temperate,JP,35.314,139.431,11,11,2023-07-14,11,2023-07-14
188,temperate,US,40.687,-112.037,13,11,2024-12-15,10,2022-10-04
184,temperate,DE,48.689,9.156,13,11,2024-05-28,9,2023-05-06
189,temperate,CN,39.083,117.196,13,11,2018-10-17,11,2018-10-17
191,subtropical,CN,34.787,113.618,13,11,2019-08-08,10,2018-10-17
213,subtropical,JP,33.165,131.671,12,11,2023-07-14,11,2023-07-14
222,subtropical,AU,-33.817,150.95,11,11,2019-12-23,11,2019-12-23
201,temperate,DE,53.561,9.954,12,11,2024-01-28,11,2024-01-28
142,temperate,CA,45.512,-73.531,15,11,2022-06-13,11,2022-10-04
241,subtropical,JP,33.246,129.87,11,11,2023-07-14,11,2023-07-14
108,temperate,US,47.583,-122.291,18,11,2018-07-23,10,2017-12-13
89,temperate,US,42.401,-71.0,20,11,2021-04-21,11,2021-04-21
42,temperate,US,38.573,-121.459,31,11,2020-03-27,9,2020-03-27
111,deep_tropical,IN,12.927,77.618,18,11,2025-02-19,8,2018-08-10
137,subtropical,CN,31.219,121.459,16,11,2019-10-28,10,2018-10-17
139,temperate,CN,39.93,116.337,16,11,2019-10-28,10,2018-10-17
96,temperate,AT,48.22,14.342,19,10,2024-01-28,9,2024-01-28
263,subtropical,AU,-23.838,151.208,10,10,2018-05-10,10,2018-05-10
271,temperate,US,39.965,-75.169,10,10,2023-08-08,10,2023-08-08
255,temperate,US,38.894,-77.023,10,10,2024-03-29,9,2024-03-28
211,subtropical,ZA,-33.919,18.596,12,10,2021-06-02,9,2022-10-04
272,temperate,CN,41.14,123.074,10,10,2018-10-17,10,2018-10-17
217,temperate,KR,37.035,128.154,12,10,2024-12-29,9,2024-03-19
221,temperate,US,44.955,-93.26,12,10,2024-01-08,10,2024-01-08
190,subtropical,CN,31.27,120.61,13,10,2018-10-17,9,2018-10-17
224,subtropical,US,33.458,-112.053,11,10,2016-03-10,10,2016-03-10
145,subtropical,US,32.658,-117.046,15,10,2021-09-17,10,2021-09-17
99,temperate,US,47.198,-120.958,19,10,2017-09-26,10,2017-09-26
110,temperate,PL,52.217,21.04,18,10,2023-01-04,10,2023-01-04
92,temperate,KR,36.844,127.635,11,9,2024-03-19,9,2024-03-19
147,temperate,FR,47.252,-1.758,15,9,2024-01-28,6,2016-11-21
231,subtropical,CN,31.85,117.251,11,9,2017-12-27,9,2017-12-27
274,subtropical,CN,32.046,118.786,10,9,2020-05-08,8,2018-10-17
130,temperate,FR,43.413,5.322,17,9,2024-01-28,9,2024-01-28
181,temperate,HU,47.471,19.072,13,9,2025-05-26,8,2023-03-30
106,subtropical,CL,-33.454,-70.681,18,9,2017-06-07,9,2017-06-07
114,temperate,IT,40.498,18.05,18,9,2024-01-28,9,2024-01-28
203,temperate,BE,51.105,3.763,12,9,2025-05-18,7,2024-03-23
186,temperate,SK,48.166,17.127,13,9,2024-01-28,9,2024-01-28
195,temperate,BE,50.786,3.195,13,9,2024-12-10,8,2018-03-07
164,subtropical,TW,24.116,120.645,14,9,2024-12-31,8,2017-09-12
270,temperate,IT,45.651,9.441,10,9,2024-01-28,9,2024-01-28
283,subtropical,KR,33.495,126.494,10,9,2024-11-13,8,2024-03-19
267,tropical,MX,19.306,-99.616,10,9,2021-09-07,8,2021-09-07
210,subtropical,CN,30.2,120.102,12,9,2018-10-17,8,2018-10-17
200,subtropical,US,29.764,-95.278,12,9,2016-03-06,9,2016-03-06
87,subtropical,US,34.358,-119.028,21,8,2023-05-09,7,2021-01-07
84,temperate,BE,50.833,4.345,10,8,2024-10-15,7,2024-03-18
94,subtropical,US,31.763,-106.487,19,8,2020-10-16,8,2023-10-29
266,temperate,GR,38.022,23.714,10,8,2024-03-24,8,2024-03-24
254,temperate,CA,53.65,-113.205,10,8,2022-01-25,8,2022-01-25
153,temperate,US,39.729,-105.032,15,8,2021-05-20,8,2021-05-20
161,deep_tropical,IN,13.03,80.216,14,8,2022-10-03,8,2022-10-03
163,temperate,BE,50.871,5.645,14,8,2025-05-18,7,2024-03-18
252,temperate,MN,47.919,106.882,10,8,2016-11-09,8,2016-11-09
260,temperate,AT,47.139,15.543,10,8,2024-01-28,8,2024-01-28
223,temperate,US,41.797,-87.723,11,8,2025-01-14,6,2024-01-02
227,temperate,DE,49.507,8.468,11,8,2016-11-25,8,2016-11-25
179,temperate,XK,42.659,21.083,13,8,2023-01-16,7,2023-01-16
238,subtropical,ZA,-25.905,28.146,11,7,2021-08-31,7,2021-08-31
256,temperate,US,38.218,-85.747,10,7,2016-03-06,7,2019-10-07
225,temperate,US,40.447,-79.888,11,7,2022-12-08,7,2023-05-07
162,subtropical,MX,32.68,-115.497,14,7,2021-01-25,5,2021-01-25
232,temperate,CN,38.012,114.468,11,7,2018-10-19,7,2018-10-19
177,subtropical,CN,30.618,104.056,13,7,2018-10-17,7,2018-10-17
264,temperate,IS,64.113,-21.912,10,7,2023-11-17,7,2023-11-17
268,tropical,CN,22.791,108.354,10,7,2018-10-17,7,2018-10-17
226,temperate,DE,50.939,6.946,10,7,2017-02-18,7,2017-02-18
253,subtropical,IN,26.856,80.95,10,6,2021-07-12,5,2021-07-12
280,temperate,CA,43.684,-79.488,10,6,2023-07-30,6,2023-07-30
259,temperate,FR,49.429,1.036,10,6,2025-04-27,4,2016-11-21
235,subtropical,CN,34.681,112.46,11,6,2018-10-31,6,2018-10-31
204,subtropical,TW,23.571,120.337,12,6,2016-12-21,6,2016-12-21
119,subtropical,US,34.045,-118.06,18,6,2025-02-26,5,2017-06-07
237,temperate,PL,54.404,18.594,11,6,2021-04-29,5,2018-11-21
152,subtropical,US,34.034,-117.499,10,6,2022-10-04,5,2020-12-22
143,temperate,US,36.6,-118.043,15,6,2022-02-16,6,2022-02-16
67,temperate,US,38.872,-119.888,24,5,2018-08-25,5,2020-08-24
261,tropical,TW,23.039,120.261,10,5,2024-02-26,3,2017-09-12
258,temperate,US,36.571,-121.669,10,5,2019-08-12,3,2017-10-06
198,subtropical,US,34.94,-120.426,12,5,2022-10-04,4,2021-05-06
207,temperate,US,46.555,-120.465,12,4,2024-05-21,4,2024-05-21
151,temperate,TR,39.93,32.766,15,4,2022-02-28,2,2016-12-23
233,temperate,US,40.793,-124.162,11,4,2024-08-29,2,2023-08-21
21,tropical,US,20.89,-156.66,46,4,2023-09-29,3,2023-09-29
105,subtropical,US,34.231,-118.625,11,4,2022-10-04,4,2022-10-04
165,temperate,US,37.338,-118.389,14,4,2020-12-19,4,2020-12-19
234,temperate,US,38.251,-122.214,11,3,2016-03-11,3,2016-03-11
276,temperate,US,47.5,-120.476,10,3,2021-08-12,3,2021-08-12
167,temperate,US,40.988,-123.654,14,2,2022-10-04,1,2021-08-11
62,temperate,US,35.418,-120.566,25,2,2016-03-06,2,2016-03-06
16,temperate,US,37.566,-118.741,10,2,2020-08-16,2,2020-08-16
109,temperate,US,40.607,-122.299,18,2,2016-03-06,2,2016-03-06
206,temperate,US,36.129,-118.686,12,2,2018-11-21,2,2018-11-21
166,temperate,US,39.416,-121.134,14,2,2018-08-17,2,2018-08-17
60,temperate,US,38.491,-122.657,26,1,2016-03-06,1,2016-03-06
229,temperate,US,38.257,-119.219,11,1,2018-07-19,0,
