cluster,band,country,n,nn_median_km,share_with_neighbour_lt_1km
1,temperate,KR,158,0.87,0.519
2,temperate,JP,130,1.99,0.208
0,temperate,GB,177,0.79,0.576
5,deep_tropical,TH,96,1.51,0.354
10,subtropical,JP,72,2.26,0.083
7,subtropical,IN,81,0.92,0.531
24,temperate,JP,43,3.83,0.047
13,temperate,KR,55,1.89,0.436
3,temperate,JP,82,2.35,0.183
23,tropical,IN,43,1.85,0.279
32,temperate,RS,34,1.41,0.324
22,temperate,BE,44,0.01,0.591
35,temperate,KR,34,2.05,0.353
46,temperate,KR,29,2.25,0.0
39,temperate,KR,30,2.3,0.4
31,temperate,RO,37,1.04,0.459
36,temperate,ES,31,0.0,0.677
4,temperate,JP,60,2.56,0.133
43,tropical,MX,30,0.22,0.533
12,temperate,JP,44,3.82,0.045
79,subtropical,KR,22,2.93,0.364
44,subtropical,TW,30,1.35,0.433
77,temperate,JP,22,3.36,0.091
50,temperate,IE,28,1.71,0.321
38,temperate,SE,33,0.0,0.909
86,subtropical,JP,19,3.91,0.105
37,temperate,KR,31,2.31,0.323
68,subtropical,JP,22,3.43,0.0
49,temperate,AT,28,0.42,0.571
8,temperate,KR,63,0.56,0.571
30,subtropical,JP,33,2.97,0.061
47,temperate,KR,27,1.84,0.444
82,temperate,DE,22,2.14,0.182
66,deep_tropical,CO,24,1.45,0.375
76,temperate,US,21,2.28,0.333
9,temperate,KR,56,1.41,0.375
71,temperate,DE,23,1.73,0.478
57,temperate,NO,27,0.76,0.63
91,temperate,KR,18,3.13,0.111
101,subtropical,JP,18,5.14,0.111
116,subtropical,JP,18,5.35,0.0
81,temperate,US,20,2.44,0.1
11,temperate,US,54,0.01,0.944
70,temperate,NL,22,0.1,0.545
15,subtropical,JP,40,2.02,0.1
120,temperate,CL,17,1.44,0.0
113,subtropical,AU,17,0.03,0.882
90,deep_tropical,CO,20,3.14,0.1
136,subtropical,CN,16,5.37,0.25
125,subtropical,ES,16,0.37,0.812
97,temperate,ES,19,0.09,0.526
112,subtropical,BR,17,4.89,0.0
140,temperate,KR,16,2.21,0.0
149,temperate,ES,15,1.88,0.2
156,subtropical,JP,16,6.19,0.0
157,subtropical,JP,15,6.64,0.0
