city,stations,start_spread_days,common_days,rank_rho_whole_vs_common,median_abs_shift_pct
1058,12,273,317,0.9510489510489512,25.669277910741563
1063,12,49,410,0.965034965034965,6.227724461618744
1067,11,49,2,,
1078,12,50,11,,
1383,12,455,136,0.7902097902097903,5.7789868952624275
1504,11,117,122,0.690909090909091,51.79307297734132
1507,10,231,0,,
1653,10,569,11,,
1667,11,70,62,,
1677,10,339,0,,
1733,12,218,0,,
1802,8,1,59,,
1816,12,149,251,0.9454545454545454,2.5230335026918516
1827,12,198,0,,
2063,6,307,212,0.942857142857143,3.8014586062938283
2095,12,349,0,,
210,12,337,253,0.965034965034965,6.0140978065915895
2106,11,0,590,1.0,0.018805635189256265
2115,11,0,479,0.990909090909091,12.032731361215987
2146,9,62,141,0.8833333333333333,4.152125404747487
2168,12,404,0,,
2324,11,301,0,,
2328,12,0,582,1.0,0.22680739281907836
3133,12,183,0,,
391,11,154,0,,
403,12,131,0,,
405,10,199,47,,
406,12,2,588,1.0,0.09661127035910377
446,12,0,613,1.0,0.002715585065016235
67,12,0,400,0.8601398601398602,4.5853345096860565
758,10,0,341,0.9757575757575757,0.9439495005013676
88,12,0,591,1.0,0.0
885,12,390,56,,
921,11,0,540,0.990909090909091,0.6906201625896613
930,12,46,409,0.9020979020979022,4.158145573638872
959,12,0,591,1.0,0.0
