outcome,moderator,cities,rho,lo,hi,p_perm,censored,countries,note
reach_E3_km,relief_m,23,0.01,-0.371,0.606,0.9618,0,9,EXPLORATORY
reach_E3_km,site_range_m,23,-0.283,-0.675,0.357,0.1956,0,9,EXPLORATORY
reach_E3_km,slope_deg,23,-0.007,-0.402,0.512,0.977,0,9,EXPLORATORY
reach_E3_km,enclosure,23,0.253,-0.197,0.727,0.2338,0,9,EXPLORATORY
cross_E3_k,relief_m,23,-0.056,-0.569,0.559,0.8021,12,9,EXPLORATORY
cross_E3_k,site_range_m,23,-0.01,-0.509,0.511,0.9627,12,9,EXPLORATORY
cross_E3_k,slope_deg,23,-0.108,-0.623,0.511,0.6277,12,9,EXPLORATORY
cross_E3_k,enclosure,23,-0.143,-0.717,0.488,0.5102,12,9,EXPLORATORY
rho_E3_k12,relief_m,19,0.374,-0.308,0.751,0.1128,0,9,EXPLORATORY
rho_E3_k12,site_range_m,19,0.09,-0.713,0.592,0.718,0,9,EXPLORATORY
rho_E3_k12,slope_deg,19,0.38,-0.3,0.726,0.1111,0,9,EXPLORATORY
rho_E3_k12,enclosure,19,0.368,-0.299,0.724,0.1164,0,9,EXPLORATORY
adv_E3_E1_k12,relief_m,19,0.067,-0.61,0.53,0.7811,0,9,EXPLORATORY
adv_E3_E1_k12,site_range_m,19,-0.14,-0.686,0.353,0.5676,0,9,EXPLORATORY
adv_E3_E1_k12,slope_deg,19,0.218,-0.548,0.605,0.3734,0,9,EXPLORATORY
adv_E3_E1_k12,enclosure,19,0.267,-0.6,0.714,0.2601,0,9,EXPLORATORY
